:020000040800F2
:1000000000000220C5820008F17F0008F97F000887
:10001000018000080980000811800008000000002D
:100020000000000000000000000000000174000853
:1000300019800008000000005176000827800008A1
:100040001583000815830008158300081583000830
:100050001583000815830008158300081583000820
:100060001583000815830008158300081583000810
:100070001583000815830008158300081583000800
:1000800015830008158300081583000815830008F0
:10009000418000085580000815830008158300087A
:1000A00015830008158300081583000815830008D0
:1000B00015830008158300081583000815830008C0
:1000C00015830008158300081583000815830008B0
:1000D000158300086980000815830008158300084F
:1000E0001583000815830008158300081583000890
:1000F0001583000815830008158300081583000880
:10010000158300081583000815830008158300086F
:10011000158300081583000815830008158300085F
:10012000158300087D800008918000081583000871
:10013000158300081583000815830008158300083F
:10014000158300081583000815830008158300082F
:1001500015830008A5800008B9800008CD8000083C
:10016000158300081583000815830008158300080F
:10017000158300081583000815830008000000009F
:08018000158300081583000837
:1001900081F0004102E000BF83F0004330B54FEA38
:1001A00041044FEA430594EA050F08BF90EA020FA5
:1001B0001FBF54EA000C55EA020C7FEA645C7FEA38
:1001C000655C00F0E2804FEA5454D4EB5555B8BF5B
:1001D0006D420CDD2C4480EA020281EA030382EACC
:1001E000000083EA010180EA020281EA0303362D5E
:1001F00088BF30BD11F0004F4FEA01314FF4801C31
:100200004CEA113102D0404261EB410113F0004F42
:100210004FEA03334CEA133302D0524263EB4303F9
:1002200094EA050F00F0A780A4F10104D5F1200E97
:100230000DDB02FA0EFC22FA05F2801841F10001F2
:1002400003FA0EF2801843FA05F359410EE0A5F1C6
:1002500020050EF1200E012A03FA0EFC28BF4CF0F7
:10026000020C43FA05F3C01851EBE37101F00045AD
:1002700007D54FF0000EDCF1000C7EEB00006EEBBA
:100280000101B1F5801F1BD3B1F5001F0CD3490844
:100290005FEA30004FEA3C0C04F101044FEA44529B
:1002A00012F5800F80F09A80BCF1004F08BF5FEA22
:1002B000500C50F1000041EB045141EA050130BD02
:1002C0005FEA4C0C404141EB0101013C28BFB1F514
:1002D000801FE9D291F0000F04BF01460020B1FA5F
:1002E00081F308BF2033A3F10B03B3F120020CDA32
:1002F0000C3208DD02F1140CC2F10C0201FA0CF010
:1003000021FA02F10CE002F11402D8BFC2F1200C74
:1003100001FA02F120FA0CFCDCBF41EA0C0190402A
:10032000E41AA2BF01EB0451294330BD6FEA040473
:100330001F3C1CDA0C340EDC04F11404C4F120025E
:1003400020FA04F001FA02F340EA030021FA04F370
:1003500045EA030130BDC4F10C04C4F1200220FAC7
:1003600002F001FA04F340EA0300294630BD21FA05
:1003700004F0294630BD94F0000F83F4801306BFCB
:1003800081F480110134013D4EE77FEA645C18BFBF
:100390007FEA655C29D094EA050F08BF90EA020F56
:1003A00005D054EA000C04BF1946104630BD91EA4E
:1003B000030F1EBF0021002030BD5FEA545C05D151
:1003C0004000494128BF41F0004130BD14F5800490
:1003D0003CBF01F5801130BD01F0004545F0FE4104
:1003E00041F470014FF0000030BD7FEA645C1ABF39
:1003F000194610467FEA655C1CBF0B46024650EA70
:10040000013406BF52EA033591EA030F41F400219B
:1004100030BD00BF90F0000F04BF0021704730B521
:100420004FF4806404F132044FF000054FF00001F6
:1004300050E700BF90F0000F04BF0021704730B5B7
:100440004FF4806404F1320410F0004548BF40428C
:100450004FF000013EE700BF42004FEAE2014FEAE1
:1004600031014FEA02701FBF12F07F4393F07F4FBC
:1004700081F06051704732F07F4208BF704793F0BF
:100480007F4F04BF41F40021704730B54FF46074D2
:1004900001F0004521F000411CE700BF50EA0102D5
:1004A00008BF704730B54FF000050AE050EA01027E
:1004B00008BF704730B511F0004502D5404261EBEE
:1004C00041014FF4806404F132045FEA915C3FF42F
:1004D000D8AE4FF003025FEADC0C18BF03325FEACC
:1004E000DC0C18BF033202EBDC02C2F1200300FA7D
:1004F00003FC20FA02F001FA03FE40EA0E0021FAA2
:1005000002F11444BDE600BF4FEA410212F50012A9
:1005100015D211D56FF47873B3EB625212D94FEA4A
:10052000C12343F0004343EA505311F0004F23FA34
:1005300002F018BF404270474FF00000704750EA89
:10054000013005D111F0004008BF6FF00040704746
:100550004FF00000704700BF53B94AB9002908BFE7
:1005600000281CBF4FF0FF314FF0FF3000F00CB8F7
:10057000ADF1080C6DE904CE10F056FADDF804E098
:10058000DDE9022304B07047704700BF10F8012B6B
:1005900011F8013B012A28BF9A42F7D0D01A7047C0
:1005A00001F0FF01102A2BDB10F0070F08D010F824
:1005B000013B013A8B422DD010F0070F42B3F6D128
:1005C000F0B441EA012141EA014122F007047FF041
:1005D00000070023F0E80256083C85EA010586EA98
:1005E000010685FA47F5A3FA87F586FA47F6A5FAD4
:1005F00087F68EB9EED1F0BC01F0FF0102F00702E0
:1006000032B110F8013B013A83EA010313B1F8D18A
:100610000020704701387047002D06BF354603386B
:10062000073815F0010F07D1013015F4807F02BFA4
:10063000013015F4C03F0130F0BC0138704700BFF5
:1006400070B54FF0FF0C4CF4E06C1CEA11541DBF68
:100650001CEA135594EA0C0F95EA0C0F00F0DEF833
:100660002C4481EA030621EA4C5123EA4C5350EA18
:10067000013518BF52EA033541F4801143F4801369
:1006800038D0A0FB02CE4FF00005E1FB02E506F0FA
:100690000042E0FB03E54FF00006E1FB03569CF04F
:1006A000000F18BF4EF0010EA4F1FF04B6F5007F55
:1006B00064F5407404D25FEA4E0E6D4146EB0606C7
:1006C00042EAC62141EA55514FEAC52040EA5E5050
:1006D0004FEACE2EB4F1FD0C88BFBCF5E06F1ED8FA
:1006E000BEF1004F08BF5FEA500E50F1000041EB31
:1006F000045170BD06F0004646EA010140EA0200DE
:1007000081EA0301B4EB5C04C2BFD4EB0C0541EAFF
:10071000045170BD41F480114FF0000E013C00F314
:10072000AB8014F1360FDEBF002001F0004170BD38
:10073000C4F10004203C35DA0C341BDC04F1140451
:10074000C4F1200500FA05F320FA04F001FA05F2DD
:1007500040EA020001F0004221F0004110EBD370AA
:1007600021FA04F642EB06015EEA430E08BF20EAD6
:10077000D37070BDC4F10C04C4F1200500FA04F379
:1007800020FA05F001FA04F240EA020001F000410B
:1007900010EBD37041F100015EEA430E08BF20EA7E
:1007A000D37070BDC4F1200500FA05F24EEA020EC6
:1007B00020FA04F301FA05F243EA020321FA04F0F5
:1007C00001F0004121FA04F220EA020000EBD370AC
:1007D0005EEA430E08BF20EAD37070BD94F0000FAC
:1007E0000FD101F00046400041EB010111F4801FE0
:1007F00008BF013CF7D041EA060195F0000F18BF91
:10080000704703F00046520043EB030313F4801FCC
:1008100008BF013DF7D043EA0603704794EA0C0F86
:100820000CEA135518BF95EA0C0F0CD050EA41069C
:1008300018BF52EA4306D1D181EA030101F0004119
:100840004FF0000070BD50EA410606BF1046194641
:1008500052EA430619D094EA0C0F02D150EA01364D
:1008600013D195EA0C0F05D152EA03361CBF10468E
:1008700019460AD181EA030101F0004141F0FE412D
:1008800041F470014FF0000070BD41F0FE4141F4B1
:10089000780170BD70B54FF0FF0C4CF4E06C1CEAB1
:1008A00011541DBF1CEA135594EA0C0F95EA0C0F66
:1008B00000F0A7F8A4EB050481EA030E52EA033521
:1008C0004FEA013100F088804FEA03334FF0805542
:1008D00045EA131343EA12634FEA022245EA11156F
:1008E00045EA10654FEA00260EF000419D4208BF20
:1008F000964244F1FD0404F5407402D25B084FEACD
:100900003202B61A65EB03055B084FEA32024FF478
:1009100080104FF4002CB6EB020E75EB030E22BFD5
:10092000B61A754640EA0C005B084FEA3202B6EB95
:10093000020E75EB030E22BFB61A754640EA5C0044
:100940005B084FEA3202B6EB020E75EB030E22BFD4
:10095000B61A754640EA9C005B084FEA3202B6EBD5
:10096000020E75EB030E22BFB61A754640EADC0094
:1009700055EA060E18D04FEA051545EA16754FEAF6
:1009800006164FEAC30343EA52734FEAC2025FEA14
:100990001C1CC0D111F4801F0BD141EA00014FF0A3
:1009A00000004FF0004CB6E711F4801F04BF014374
:1009B0000020B4F1FD0C88BFBCF5E06F3FF6AFAE90
:1009C000B5EB030C04BFB6EB020C5FEA500C50F120
:1009D000000041EB045170BD0EF0004E4EEA1131A3
:1009E00014EB5C04C2BFD4EB0C0541EA045170BDAA
:1009F00041F480114FF0000E013C90E645EA060EEE
:100A00008DE60CEA135594EA0C0F08BF95EA0C0F1B
:100A10003FF43BAF94EA0C0F0AD150EA01347FF463
:100A200034AF95EA0C0F7FF425AF104619462CE73A
:100A300095EA0C0F06D152EA03353FF4FDAE10469D
:100A4000194622E750EA410618BF52EA43067FF4EE
:100A5000C5AE50EA41047FF40DAF52EA43057FF47E
:100A6000EBAE12E74FF0FF3C06E000BF4FF0010C89
:100A700002E000BF4FF0010C4DF804CD4FEA410CED
:100A80007FEA6C5C4FEA430C18BF7FEA6C5C1BD0BA
:100A900001B050EA410C0CBF52EA430C91EA030F3B
:100AA00002BF90EA020F0020704710F1000F91EA98
:100AB000030F58BF994208BF90422CBFD8176FEA66
:100AC000E37040F0010070474FEA410C7FEA6C5C34
:100AD00002D150EA013C07D14FEA430C7FEA6C5C3B
:100AE000D6D152EA033CD3D05DF8040B704700BF67
:100AF0008446104662468C461946634600E000BFB5
:100B000001B5FFF7B7FF002848BF10F1000F01BD86
:100B10004DF808EDFFF7F4FF0CBF012000205DF851
:100B200008FB00BF4DF808EDFFF7EAFF34BF0120D6
:100B300000205DF808FB00BF4DF808EDFFF7E0FF6F
:100B400094BF012000205DF808FB00BF4DF808EDC0
:100B5000FFF7CEFF94BF012000205DF808FB00BF27
:100B60004DF808EDFFF7C4FF34BF012000205DF809
:100B700008FB00BF4FEA410C7FEA6C5C02D150EAEF
:100B8000013C0AD14FEA430C7FEA6C5C02D152EA85
:100B9000033C02D14FF0000070474FF00100704756
:100BA0004A0011D212F5001211D20DD56FF47873EC
:100BB000B3EB62520ED44FEAC12343F0004343EA41
:100BC000505323FA02F070474FF00000704750EA8C
:100BD000013002D14FF0FF3070474FF000007047F6
:100BE0004FEA4102B2F1E04324BFB3F5001CDCF14F
:100BF000FE5C0DD901F0004C4FEAC0024CEA507087
:100C0000B2F1004F40EB830008BF20F001007047B5
:100C100011F0804F21D113F13872BCBF01F00040B8
:100C2000704741F480114FEA5252C2F11802C2F1EA
:100C3000200C10FA0CF320FA02F018BF40F001006B
:100C40004FEAC1234FEAD32303FA0CFC40EA0C001D
:100C500023FA02F34FEA4303CCE77FEA625307D15A
:100C600050EA01331EBF4FF0FE4040F44000704791
:100C700001F0004040F0FE4040F40000704700BF2B
:100C80000348044B834202D0034B03B1184770471B
:100C9000E0010020E0010020000000000548064BB4
:100CA0001B1AD90F01EBA301491002D0034B03B16A
:100CB00018477047E0010020E0010020000000001C
:100CC00010B5064C237843B9FFF7DAFF044B13B194
:100CD0000448AFF300800123237010BDE001002021
:100CE000000000005C3E010808B5054B1BB105493A
:100CF0000548AFF30080BDE80840FFF7CFBF00BF55
:100D000000000000E40100205C3E010880B400AF58
:100D1000064BD3F88830054A43F47003C2F8883094
:100D200000BFBD465DF8047B704700BF00ED00E0EA
:100D300080B584B000AF78607B68002B01D10123BF
:100D4000EDE07B6893F82030DBB2002B02D17868AD
:100D500006F0EEFE7B681B681A687B681B6842F031
:100D600001021A6002F03AFAF86012E002F036FA74
:100D70000246FB68D31A0A2B0BD97B685B6A43F4E3
:100D800000327B685A627B68052283F820200123A9
:100D9000C5E07B681B685B6803F00103002BE5D0AE
:100DA0007B681B681A687B681B6822F002021A6065
:100DB00002F014FAF86012E002F010FA0246FB6842
:100DC000D31A0A2B0BD97B685B6A43F400327B6829
:100DD0005A627B68052283F8202001239FE07B680C
:100DE0001B685B6803F00203002BE5D17B681B7E68
:100DF000012B08D17B681B681A687B681B6842F06E
:100E000080021A6007E07B681B681A687B681B68B1
:100E100022F080021A607B685B7E012B08D17B6820
:100E20001B681A687B681B6842F040021A6007E082
:100E30007B681B681A687B681B6822F040021A6096
:100E40007B689B7E012B08D17B681B681A687B68D6
:100E50001B6842F020021A6007E07B681B681A6872
:100E60007B681B6822F020021A607B68DB7E012B06
:100E700008D17B681B681A687B681B6822F0100227
:100E80001A6007E07B681B681A687B681B6842F081
:100E900010021A607B681B7F012B08D17B681B68DE
:100EA0001A687B681B6842F008021A6007E07B68DA
:100EB0001B681A687B681B6822F008021A607B684E
:100EC0005B7F012B08D17B681B681A687B681B68F5
:100ED00042F004021A6007E07B681B681A687B68AE
:100EE0001B6822F004021A607B689A687B68DB68E2
:100EF0001A437B681B691A437B685B6942EA0301FA
:100F00007B685B685A1E7B681B680A43DA617B68F2
:100F100000225A627B68012283F8202000231846B1
:100F20001037BD4680BD000080B487B000AF786048
:100F300039607B6893F82030FB75FB7D012B03D073
:100F4000FB7D022B40F0BE80654B3B613B69D3F8D3
:100F5000003243F001023B69C3F800223B69D3F839
:100F6000003223F47C523B69C3F800223B69D3F87A
:100F700000223B685B6A1B021A433B69C3F80022EC
:100F80003B685B6903F01F03012202FA03F3FB6075
:100F90003B69D3F81C22FB68DB431A403B69C3F86A
:100FA0001C223B68DB69002B23D13B69D3F80C2260
:100FB000FB68DB431A403B69C3F80C223B68DB68E3
:100FC00019043B685B689BB23A68526919433B69F4
:100FD000483243F832103B689B6819043B681B6831
:100FE0009AB23B685B690A4339694833DB000B44BA
:100FF0005A603B68DB69012B22D13B69D3F80C2294
:10100000FB681A433B69C3F80C223B681B68190450
:101010003B685B689BB23A68526919433B69483246
:1010200043F832103B689B6819043B68DB689AB24E
:101030003B685B690A4339694833DB000B445A60FB
:101040003B689B69002B09D13B69D3F80422FB68FC
:10105000DB431A403B69C3F8042207E03B69D3F83D
:101060000422FB681A433B69C3F804223B681B69EE
:10107000002B09D13B69D3F81422FB68DB431A40EB
:101080003B69C3F8142207E03B69D3F81422FB68DC
:101090001A433B69C3F814223B681B6A012B07D132
:1010A0003B69D3F81C22FB681A433B69C3F81C2236
:1010B0003B69D3F8003223F001023B69C3F80022F8
:1010C000002306E07B685B6A43F480227B685A62F7
:1010D000012318461C37BD465DF8047B704700BFEE
:1010E0000064004080B584B000AF78607B6893F8FE
:1010F0002030DBB2012B2ED17B68022283F8202026
:101100007B681B681A687B681B6822F001021A6002
:1011100002F064F8F86012E002F060F80246FB6842
:10112000D31A0A2B0BD97B685B6A43F400327B68C5
:101130005A627B68052283F82020012312E07B6835
:101140001B685B6803F00103002BE5D17B6800227C
:101150005A62002306E07B685B6A43F400227B68E6
:101160005A62012318461037BD4680BD80B489B04D
:1011700000AFF860B9607A603B60FB6893F820309C
:10118000FB77FB681B689B68BB61FB7F012B03D06F
:10119000FB7F022B40F0AD80BB6903F08063002B26
:1011A0000AD1BB6903F00063002B05D1BB6903F0D2
:1011B0008053002B00F09580BB691B0E03F00303E6
:1011C0007B6101227B699A403B681A60BB689B681F
:1011D000002B0DD1BB681B685A05BB68DB68F9683A
:1011E00009681A437B6918331B010B441A600FE02E
:1011F000BB685B68DA00BB689B681A43BB68DB6846
:10120000F96809681A437B6918331B010B441A609B
:10121000FB681968BB681A697B6918331B010B44AA
:1012200004331A60BB681B7D012B11D1FB681A685F
:101230007B6918331B01134404331B68FA68116877
:1012400043F480727B6918331B010B4404331A602A
:101250007B6807331B781A067B6806331B781B04F0
:101260001A437B6805331B781B0213437A680432E8
:1012700012781046FA68116843EA00027B691B0184
:101280000B4403F5C6731A607B6803331B781A0698
:101290007B6802331B781B041A437B6801331B787D
:1012A0001B0213437A6812781046FA68116843EA01
:1012B00000027B691B010B4403F5C4731A60FB68D1
:1012C0001A687B6918331B0113441B68FA6811689C
:1012D00043F001027B6918331B010B441A600023A1
:1012E0000EE0FB685B6A43F40012FB685A6201235C
:1012F00006E0FB685B6A43F48022FB685A620123C4
:1013000018462437BD465DF8047B704780B485B02D
:1013100000AF78600023FB607B6893F82030FB729D
:10132000FB7A012B02D0FB7A022B1DD17B681B6854
:101330009B6803F08063002B02D0FB680133FB60E5
:101340007B681B689B6803F00063002B02D0FB687E
:101350000133FB607B681B689B6803F08053002BA4
:1013600002D0FB680133FB60FB6818461437BD46AA
:101370005DF8047B704780B487B000AFF860B96057
:101380007A603B60FB6893F82030FB75FB7D012B96
:1013900003D0FB7D022B40F00381BB68002B0ED1F4
:1013A000FB681B68DB6803F00303002B16D1FB68A6
:1013B0005B6A43F40012FB685A620123F7E0FB68A2
:1013C0001B681B6903F00303002B07D1FB685B6AF2
:1013D00043F40012FB685A620123E8E0FB681A68D4
:1013E000BB681B331B0113441B6803F004027B68BA
:1013F0009A607B689B68002B0CD1FB681A68BB68FD
:101400001B331B0113441B685B0DC3F30A027B688B
:101410001A600BE0FB681A68BB681B331B0113449E
:101420001B68DB0823F060427B685A60FB681A681F
:10143000BB681B331B0113441B6803F002027B686B
:10144000DA60FB681A68BB681B331B011344043362
:101450001B6803F00803002B03D07B6808221A6185
:101460000BE0FB681A68BB681B331B011344043391
:101470001B6803F00F027B681A61FB681A68BB687F
:101480001B331B01134404331B681B0ADAB27B684D
:101490009A61FB681A68BB681B331B011344043351
:1014A0001B681B0C9AB27B685A61FB681A68BB68A0
:1014B0001B01134403F5DC731B68DAB23B681A7036
:1014C000FB681A68BB681B01134403F5DC731B68D7
:1014D0001A0A3B680133D2B21A70FB681A68BB68FB
:1014E0001B01134403F5DC731B681A0C3B680233C1
:1014F000D2B21A70FB681A68BB681B01134403F56B
:10150000DC731B681A0E3B680333D2B21A70FB6897
:101510001A68BB681B01134403F5DE731A683B6845
:101520000433D2B21A70FB681A68BB681B011344FB
:1015300003F5DE731B681A0A3B680533D2B21A70D2
:10154000FB681A68BB681B01134403F5DE731B6854
:101550001A0C3B680633D2B21A70FB681A68BB6873
:101560001B01134403F5DE731B681A0E3B68073337
:10157000D2B21A70BB68002B08D1FB681B68DA680E
:10158000FB681B6842F02002DA6007E0FB681B681A
:101590001A69FB681B6842F020021A61002306E00A
:1015A000FB685B6A43F48022FB685A620123184699
:1015B0001C37BD465DF8047B704780B485B000AF32
:1015C000786039607B6893F82030FB73FB7B012BDC
:1015D00002D0FB7B022B09D17B681B6859697B68B1
:1015E0001B683A680A435A61002306E07B685B6A1D
:1015F00043F480227B685A62012318461437BD46A3
:101600005DF8047B704780B58AB000AF7860002336
:101610007B627B681B685B693B627B681B685B68FD
:10162000FB617B681B689B68BB617B681B68DB6830
:101630007B617B681B681B693B617B681B689B69DE
:10164000FB603B6A03F00103002B7CD0BB6903F015
:101650000103002B23D07B681B6801229A60BB69C1
:1016600003F00203002B03D0786800F083F916E042
:10167000BB6903F00403002B04D07B6A43F40063CE
:101680007B620CE0BB6903F00803002B04D07B6A8B
:1016900043F480537B6202E0786800F089F9BB690B
:1016A00003F48073002B24D07B681B684FF4807296
:1016B0009A60BB6903F40073002B03D0786800F0D4
:1016C00063F916E0BB6903F48063002B04D07B6AE6
:1016D00043F400537B620CE0BB6903F40063002B0E
:1016E00004D07B6A43F480437B6202E0786800F0B8
:1016F00069F9BB6903F48033002B24D07B681B6835
:101700004FF480329A60BB6903F40033002B03D09E
:10171000786800F043F916E0BB6903F48023002BDE
:1017200004D07B6A43F400437B620CE0BB6903F4A2
:101730000023002B04D07B6A43F480337B6202E0F9
:10174000786800F049F93B6A03F00803002B0CD0DD
:101750007B6903F01003002B07D07B6A43F400730E
:101760007B627B681B681022DA603B6A03F004032B
:10177000002B0BD07B6903F00803002B06D07B689D
:101780001B680822DA60786800F030F93B6A03F0E1
:101790000203002B09D07B681B68DB6803F003039E
:1017A000002B02D078680AF0B5FD3B6A03F04003D5
:1017B000002B0CD03B6903F01003002B07D07B6A91
:1017C00043F480637B627B681B6810221A613B6A6A
:1017D00003F02003002B0BD03B6903F00803002B20
:1017E00006D07B681B6808221A61786800F012F93D
:1017F0003B6A03F01003002B09D07B681B681B6950
:1018000003F00303002B02D0786800F0F9F83B6A7C
:1018100003F40033002B0BD0FB6903F01003002B03
:1018200006D07B681B6810225A60786800F0FCF8CC
:101830003B6A03F48033002B0BD0FB6903F00803F1
:10184000002B06D07B681B6808225A60786800F07D
:10185000F5F83B6A03F40043002B7BD0FB6903F0EF
:101860000403002B72D03B6A03F48073002B08D072
:10187000FB6803F00103002B03D07B6A43F00103F4
:101880007B623B6A03F40073002B08D0FB6803F013
:101890000203002B03D07B6A43F002037B623B6AA6
:1018A00003F48063002B08D0FB6803F00403002BD3
:1018B00003D07B6A43F004037B623B6A03F400635A
:1018C000002B43D0FB6803F07003002B3ED0FB6875
:1018D00003F07003602B2BD0602B2ED8502B22D01E
:1018E000502B2AD8402B19D0402B26D8302B10D083
:1018F000302B22D8102B02D0202B05D01DE07B6A84
:1019000043F008037B6219E07B6A43F010037B62BB
:1019100014E07B6A43F020037B620FE07B6A43F0B4
:1019200040037B620AE07B6A43F080037B6205E050
:101930007B6A43F480737B6200E000BF7B681B68B6
:101940009A697B681B6822F070029A617B681B6849
:1019500004225A607B6A002B08D07B685A6A7B6A33
:101960001A437B685A62786800F072F800BF283723
:10197000BD4680BD80B483B000AF786000BF0C3737
:10198000BD465DF8047B704780B483B000AF7860DB
:1019900000BF0C37BD465DF8047B704780B483B050
:1019A00000AF786000BF0C37BD465DF8047B704720
:1019B00080B483B000AF786000BF0C37BD465DF8DF
:1019C000047B704780B483B000AF786000BF0C37F1
:1019D000BD465DF8047B704780B483B000AF78608B
:1019E00000BF0C37BD465DF8047B704780B483B000
:1019F00000AF786000BF0C37BD465DF8047B7047D0
:101A000080B483B000AF786000BF0C37BD465DF88E
:101A1000047B704780B483B000AF786000BF0C37A0
:101A2000BD465DF8047B704780B483B000AF78603A
:101A300000BF0C37BD465DF8047B704780B483B0AF
:101A400000AF786000BF0C37BD465DF8047B70477F
:101A500080B483B000AF786000BF0C37BD465DF83E
:101A6000047B704780B485B000AF78607B6893F8E2
:101A70002030FB73FB7B012B02D0FB7B022B12D1AE
:101A80007B681B685B6803F00203002B02D0042311
:101A9000FB7308E07B681B681B6803F00203002BE4
:101AA00001D00323FB73FB7B18461437BD465DF85A
:101AB000047B704780B483B000AF78607B685B6A5A
:101AC00018460C37BD465DF8047B704780B586B07C
:101AD00000AF78607B68002B01D1012367E27B684F
:101AE0001B6803F00103002B75D0884B9B6803F043
:101AF0000C03042B0CD0854B9B6803F00C03082BC4
:101B000012D1824B5B6803F48003B3F5800F0BD1D5
:101B10007E4B1B6803F40033002B5BD07B685B6853
:101B2000002B57D1012342E27B685B68B3F5803F0D
:101B300006D1764B1B68754A43F4803313601DE071
:101B40007B685B68B3F5A02F0CD1704B1B686F4AA4
:101B500043F4802313606D4B1B686C4A43F480335D
:101B600013600BE0694B1B68684A23F480331360F1
:101B7000664B1B68654A23F4802313607B685B68AF
:101B8000002B13D001F02AFB386108E001F026FB9E
:101B900002463B69D31A642B01D9032307E25B4B4E
:101BA0001B6803F40033002BF0D014E001F016FBA7
:101BB000386108E001F012FB02463B69D31A642B3E
:101BC00001D90323F3E1514B1B6803F40033002BCD
:101BD000F0D100E000BF7B681B6803F00203002B1C
:101BE00063D04A4B9B6803F00C03002B0BD0474B90
:101BF0009B6803F00C03082B1CD1444B5B6803F477
:101C00008003002B16D1414B1B6803F00203002B0D
:101C100005D07B68DB68012B01D00123C7E13B4B7A
:101C20001B6823F0F8027B681B69DB00374913430C
:101C30000B603AE07B68DB68002B20D0344B01223C
:101C40001A6001F0CBFA386108E001F0C7FA0246E9
:101C50003B69D31A022B01D90323A8E12B4B1B6844
:101C600003F00203002BF0D0284B1B6823F0F8028E
:101C70007B681B69DB00254913430B6015E0244B8F
:101C800000221A6001F0AAFA386108E001F0A6FA11
:101C900002463B69D31A022B01D9032387E11B4B70
:101CA0001B6803F00203002BF0D17B681B6803F074
:101CB0000803002B36D07B685B69002B16D0154BD0
:101CC00001221A6001F08AFA386108E001F086FA10
:101CD00002463B69D31A022B01D9032367E10B4B60
:101CE0005B6F03F00203002BF0D01BE0094B0022D6
:101CF0001A6001F073FA38610EE001F06FFA0246E3
:101D00003B69D31A022B07D9032350E10038024064
:101D100000004742800E4742884B5B6F03F002038E
:101D2000002BEAD17B681B6803F00403002B00F052
:101D300097800023FB75814B1B6C03F08053002BB5
:101D40000FD10023BB607D4B1B6C7C4A43F080535A
:101D500013647A4B1B6C03F08053BB60BB68012398
:101D6000FB75774B1B6803F48073002B18D1744B01
:101D70001B68734A43F48073136001F02FFA3861D3
:101D800008E001F02BFA02463B69D31A022B01D975
:101D900003230CE16A4B1B6803F48073002BF0D023
:101DA0007B689B68012B06D1644B1B6F634A43F031
:101DB000010313671CE07B689B68052B0CD15F4B0C
:101DC0001B6F5E4A43F0040313675C4B1B6F5B4A57
:101DD00043F0010313670BE0584B1B6F574A23F086
:101DE00001031367554B1B6F544A23F00403136719
:101DF0007B689B68002B15D001F0F0F938610AE090
:101E000001F0ECF902463B69D31A41F28832934261
:101E100001D90323CBE0494B1B6F03F00203002BD6
:101E2000EED014E001F0DAF938610AE001F0D6F9F9
:101E300002463B69D31A41F28832934201D9032307
:101E4000B5E03E4B1B6F03F00203002BEED1FB7D90
:101E5000012B05D1394B1B6C384A23F08053136496
:101E60007B689B69002B00F0A180344B9B6803F0DA
:101E70000C03082B5CD07B689B69022B41D1314B52
:101E800000221A6001F0AAF9386108E001F0A6F911
:101E900002463B69D31A022B01D9032387E0274B63
:101EA0001B6803F00073002BF0D17B68DA697B6854
:101EB0001B6A1A437B685B6A9B011A437B689B6AB7
:101EC0005B08013B1B041A437B68DB6A1B061B494A
:101ED00013434B601B4B01221A6001F07FF93861FC
:101EE00008E001F07BF902463B69D31A022B01D9C5
:101EF00003235CE0114B1B6803F00073002BF0D050
:101F000054E0104B00221A6001F068F9386108E0D3
:101F100001F064F902463B69D31A022B01D903236D
:101F200045E0064B1B6803F00073002BF0D13DE049
:101F30007B689B69012B07D1012338E00038024000
:101F400000700040600047421B4B5B68FB607B6891
:101F50009B69012B28D0FB6803F480027B68DB6956
:101F60009A4221D1FB6803F03F027B681B6A9A42C8
:101F70001AD1FA6847F6C07313407A68526A920120
:101F8000934211D1FB6803F440327B689B6A5B0883
:101F9000013B1B049A4207D1FB6803F070627B6827
:101FA000DB6A1B069A4201D0012300E00023184699
:101FB0001837BD4680BD00BF0038024080B584B0F0
:101FC00000AF786039607B68002B01D10123CCE041
:101FD000684B1B6803F007033A689A420CD9654BBB
:101FE0003A68D2B21A70634B1B6803F007033A6871
:101FF0009A4201D00123B8E07B681B6803F002031A
:10200000002B20D07B681B6803F00403002B05D055
:10201000594B9B68584A43F4E05393607B681B68B4
:1020200003F00803002B05D0534B9B68524A43F43E
:1020300060439360504B9B6823F0F0027B689B6881
:102040004D4913438B607B681B6803F00103002B31
:1020500044D07B685B68012B07D1474B1B6803F4B6
:102060000033002B19D101237FE07B685B68022BD2
:1020700003D07B685B68032B07D13F4B1B6803F0E1
:102080000073002B09D101236FE03B4B1B6803F069
:102090000203002B01D1012367E0374B9B6823F03B
:1020A00003027B685B68344913438B6001F096F848
:1020B000F8600AE001F092F80246FB68D31A41F298
:1020C0008832934201D903234FE02B4B9B6803F0E6
:1020D0000C027B685B689B009A42EBD1254B1B6826
:1020E00003F007033A689A420CD2224B3A68D2B204
:1020F0001A70204B1B6803F007033A689A4201D01C
:10210000012332E07B681B6803F00403002B08D036
:10211000194B9B6823F4E0527B68DB681649134334
:102120008B607B681B6803F00803002B09D0124BFF
:102130009B6823F460427B681B69DB000E491343F4
:102140008B6000F021F802460B4B9B681B0903F0E3
:102150000F030A49CB5C22FA03F3094A1360094BC7
:102160001B68184600F0F6FF002318461037BD46DE
:1021700080BD00BF003C0240003802400845010815
:1021800000000020040000202DE9B04F90B000AF07
:1021900000237B630023FB6300233B630023BB63BB
:1021A000594B9B6803F00C03082B0DD0082B00F251
:1021B000A180002B02D0042B03D09BE0534BBB63C8
:1021C0009BE0534BBB6398E04F4B5B6803F03F03CE
:1021D0007B634D4B5B6803F48003002B28D04A4B94
:1021E0005B689B0900223B627A623B6AC3F308008A
:1021F0000021474B03FB01F2002300FB03F31344D0
:10220000434AA0FB0212FA620A46BA62FA6A13440F
:10221000FB627B6B0022BB61FA61D7E90623D7E939
:102220000A01FEF799F902460B461346FB6353E099
:10223000354B5B689B0900223B617A613B69C3F3C4
:10224000080A4FF0000B52465B464FF000004FF07B
:102250000001590141EAD261500102460B46B2EB3E
:102260000A0863EB0B094FF000024FF000034FEA3E
:10227000891343EA98634FEA8812B2EB080463EBD0
:1022800009054FF000024FF00003EB0043EA5473DE
:10229000E20014461D4614EB0A033B6045EB0B03BA
:1022A0007B604FF000024FF00003D7E9004529465C
:1022B0008B02214643EA915321468A021046194671
:1022C0007B6B0022BB60FA60D7E90223FEF744F97A
:1022D00002460B461346FB630B4B5B681B0C03F07B
:1022E000030301335B003B63FA6B3B6BB2FBF3F31D
:1022F000BB6302E0054BBB6300BFBB6B18464037B6
:10230000BD46BDE8B08F00BF003802400024F40095
:1023100040787D0180B400AF034B1B681846BD4672
:102320005DF8047B704700BF0000002080B500AF5F
:10233000FFF7F0FF0246054B9B689B0A03F007037B
:102340000349CB5C22FA03F3184680BD00380240F3
:102350001845010880B500AFFFF7DCFF0246054BCA
:102360009B685B0B03F007030349CB5C22FA03F382
:10237000184680BD003802401845010880B489B075
:1023800000AF7860396000237B6100233B6100234C
:10239000BB610023FB616BE10122FB6902FA03F3DD
:1023A0007B613B681B687A6913403B613A697B69D2
:1023B0009A4240F05A813B685B6803F00303012BAB
:1023C00005D03B685B6803F00303022B30D17B68C8
:1023D0009B68BB61FB695B00032202FA03F3DB43EA
:1023E000BA691340BB613B68DA68FB695B0002FABB
:1023F00003F3BA691343BB617B68BA699A607B686F
:102400005B68BB610122FB6902FA03F3DB43BA6933
:102410001340BB613B685B681B0903F00102FB6969
:1024200002FA03F3BA691343BB617B68BA695A6065
:102430003B685B6803F00303032B17D07B68DB6802
:10244000BB61FB695B00032202FA03F3DB43BA6959
:102450001340BB613B689A68FB695B0002FA03F3B7
:10246000BA691343BB617B68BA69DA603B685B6831
:1024700003F00303022B23D1FB69DA087B680832DF
:1024800053F82230BB61FB6903F007039B000F2266
:1024900002FA03F3DB43BA691340BB613B681A6974
:1024A000FB6903F007039B0002FA03F3BA691343C5
:1024B000BB61FB69DA087B680832B96943F822100E
:1024C0007B681B68BB61FB695B00032202FA03F3B4
:1024D000DB43BA691340BB613B685B6803F00302EE
:1024E000FB695B0002FA03F3BA691343BB617B68C3
:1024F000BA691A603B685B6803F44033002B00F054
:10250000B4800023FB60604B5B6C5F4A43F4804304
:1025100053645D4B5B6C03F48043FB60FB685B4A78
:10252000FB699B08023352F82330BB61FB6903F05F
:1025300003039B000F2202FA03F3DB43BA69134043
:10254000BB617B68524A93422BD07B68514A9342CD
:1025500025D07B68504A93421FD07B684F4A9342F4
:1025600019D07B684E4A934213D07B684D4A934200
:102570000DD07B684C4A934207D07B684B4A93420C
:1025800001D107230EE008230CE006230AE005230F
:1025900008E0042306E0032304E0022302E0012311
:1025A00000E00023FA6902F0030292009340BA6946
:1025B0001343BB613549FB699B080233BA6941F893
:1025C00023203B4B9B68BB613B69DB43BA691340EB
:1025D000BB613B685B6803F48013002B03D0BA69CE
:1025E0003B691343BB61324ABB699360304BDB6884
:1025F000BB613B69DB43BA691340BB613B685B6805
:1026000003F40013002B03D0BA693B691343BB6189
:10261000274ABB69D360264B5B68BB613B69DB43E0
:10262000BA691340BB613B685B6803F40033002B5D
:1026300003D0BA693B691343BB611D4ABB69536050
:102640001B4B1B68BB613B69DB43BA691340BB6131
:102650003B685B6803F48033002B03D0BA693B69A5
:102660001343BB61124ABB691360FB690133FB6111
:10267000FB690F2B7FF690AE00BF00BF2437BD462D
:102680005DF8047B704700BF00380240003801400D
:10269000000002400004024000080240000C02401A
:1026A000001002400014024000180240001C0240CA
:1026B000003C014080B483B000AF78600B467B8063
:1026C00013467B707B78002B03D07A887B689A61F5
:1026D00003E07B881A047B689A6100BF0C37BD4613
:1026E0005DF8047B7047000080B586B000AF78606D
:1026F00000237B6100F072FD38617B68002B01D103
:10270000012399E07B68022283F835207B68002250
:1027100083F834207B681B681A687B681B6822F08A
:1027200001021A600FE000F059FD02463B69D31A1E
:10273000052B08D97B6820225A657B68032283F821
:102740003520032378E07B681B681B6803F00103D6
:10275000002BE8D17B681B681B687B617A69384B6A
:1027600013407B617B685A687B689B681A437B686F
:10277000DB681A437B681B691A437B685B691A43F1
:102780007B689B691A437B68DB691A437B681B6A19
:1027900013437A6913437B617B685B6A042B07D11F
:1027A0007B68DA6A7B681B6B13437A6913437B612E
:1027B0007B681B687A691A607B681B685B697B6150
:1027C0007B6923F007037B617B685B6A7A6913434B
:1027D0007B617B685B6A042B17D17B689B6A7A6993
:1027E00013437B617B68DB6A002B0ED0786800F0B6
:1027F00001FB0346002B08D07B6840225A657B68AA
:10280000012283F83520012316E07B681B687A6972
:102810005A61786800F0B8FA0346FB607B68DB6DAC
:102820003F229A40FB689A607B6800225A657B6869
:10283000012283F83520002318461837BD4680BD95
:102840003F8010F080B586B000AFF860B9607A6064
:102850003B600023FB75FB689B6D3B61FB6893F855
:102860003430012B01D1022340E0FB68012283F8C0
:102870003420FB6893F83530DBB2012B2FD1FB6895
:10288000022283F83520FB6800225A653B687A688B
:10289000B968F86800F04AFAFB68DB6D3F229A409D
:1028A0003B699A60FB681B681A68FB681B6842F00A
:1028B00016021A60FB681B6C002B07D0FB681B68B4
:1028C0001A68FB681B6842F008021A60FB681B6804
:1028D0001A68FB681B6842F001021A6005E0FB6899
:1028E000002283F834200223FB75FB7D184618373D
:1028F000BD4680BD80B584B000AF78607B689B6DBD
:10290000FB6000F06BFCB8607B6893F83530DBB29D
:10291000022B08D07B6880225A657B68002283F8EE
:102920003420012352E07B681B681A687B681B68AF
:1029300022F016021A607B681B685A697B681B6864
:1029400022F080025A617B681B6C002B03D17B68EC
:102950009B6C002B07D07B681B681A687B681B6820
:1029600022F008021A607B681B681A687B681B6883
:1029700022F001021A6013E000F030FC0246BB684E
:10298000D31A052B0CD97B6820225A657B68032259
:1029900083F835207B68002283F83420032315E078
:1029A0007B681B681B6803F00103002BE4D17B6884
:1029B000DB6D3F229A40FB689A607B68012283F8B6
:1029C00035207B68002283F8342000231846103716
:1029D000BD4680BD80B483B000AF78607B6893F85B
:1029E0003530DBB2022B04D07B6880225A6501238C
:1029F0000CE07B68052283F835207B681B681A6829
:102A00007B681B6822F001021A60002318460C370D
:102A1000BD465DF8047B704780B586B000AF786036
:102A20000023BB608E4B1B688E4AA2FB03239B0ACC
:102A30007B617B689B6D3B613B691B68FB607B68CE
:102A4000DB6D08229A40FB681340002B1AD07B688C
:102A50001B681B6803F00403002B13D07B681B6802
:102A60001A687B681B6822F004021A607B68DB6DC1
:102A700008229A403B699A607B685B6D43F00102D3
:102A80007B685A657B68DB6D01229A40FB681340C6
:102A9000002B12D07B681B685B6903F08003002B5E
:102AA0000BD07B68DB6D01229A403B699A607B68A2
:102AB0005B6D43F002027B685A657B68DB6D042224
:102AC0009A40FB681340002B12D07B681B681B6880
:102AD00003F00203002B0BD07B68DB6D04229A40CD
:102AE0003B699A607B685B6D43F004027B685A65C2
:102AF0007B68DB6D10229A40FB681340002B43D0AB
:102B00007B681B681B6803F00803002B3CD07B68C4
:102B1000DB6D10229A403B699A607B681B681B68DA
:102B200003F48023002B18D07B681B681B6803F418
:102B30000023002B08D17B681B6C002B24D07B6802
:102B40001B6C786898471FE07B689B6C002B1BD040
:102B50007B689B6C7868984716E07B681B681B68ED
:102B600003F48073002B07D17B681B681A687B68AD
:102B70001B6822F008021A607B681B6C002B03D0D4
:102B80007B681B6C786898477B68DB6D20229A40D5
:102B9000FB681340002B00F08F807B681B681B686C
:102BA00003F01003002B00F087807B68DB6D202290
:102BB0009A403B699A607B6893F83530DBB2052B0D
:102BC00036D17B681B681A687B681B6822F0160286
:102BD0001A607B681B685A697B681B6822F0800258
:102BE0005A617B681B6C002B03D17B689B6C002BAC
:102BF00007D07B681B681A687B681B6822F0080294
:102C00001A607B68DB6D3F229A403B699A607B6863
:102C1000012283F835207B68002283F834207B680A
:102C20001B6D002B7ED07B681B6D7868984779E020
:102C30007B681B681B6803F48023002B1DD07B6816
:102C40001B681B6803F40023002B0DD17B685B6CB1
:102C5000002B31D07B685B6C786898472CE000BF14
:102C600000000020B5814E1B7B68DB6B002B23D05E
:102C70007B68DB6B786898471EE07B681B681B6885
:102C800003F48073002B0FD17B681B681A687B6884
:102C90001B6822F010021A607B68012283F835203D
:102CA0007B68002283F834207B68DB6B002B03D029
:102CB0007B68DB6B786898477B685B6D002B32D054
:102CC0007B685B6D03F00103002B22D07B6805223B
:102CD00083F835207B681B681A687B681B6822F0C4
:102CE00001021A60BB680133BB607A699A4207D35C
:102CF0007B681B681B6803F00103002BF2D100E026
:102D000000BF7B68012283F835207B68002283F8AE
:102D100034207B68DB6C002B05D07B68DB6C78682B
:102D2000984700E000BF1837BD4680BD80B485B02D
:102D300000AFF860B9607A603B60FB681B681A6896
:102D4000FB681B6822F480221A60FB681B683A68E3
:102D50005A60FB689B68402B08D1FB681B687A6847
:102D60009A60FB681B68BA68DA6007E0FB681B685A
:102D7000BA689A60FB681B687A68DA6000BF14372B
:102D8000BD465DF8047B704780B485B000AF7860C5
:102D90007B681B68DBB2103B144AA2FB03231B09B0
:102DA000FB60134AFB6813441B781A467B68DA659C
:102DB000FB68032B09D97B681B6823F47F7323F01E
:102DC00003031A1D7B689A6507E07B681B6823F480
:102DD0007F7323F003037A6893657B689B6D1846C5
:102DE0001437BD465DF8047B704700BFABAAAAAAA2
:102DF0002045010880B485B000AF78600023FB73E4
:102E00007B689B6ABB607B689B69002B1FD1BB689A
:102E1000032B56D801A252F823F000BF2D2E000834
:102E20003F2E00082D2E0008C32E00087B68DB6AA9
:102E300003F08073002B46D00123FB7343E07B68D3
:102E4000DB6AB3F1C07F40D10123FB733DE07B68B7
:102E50009B69B3F5005F21D1BB68032B37D801A272
:102E600052F823F0752E00087B2E0008752E0008FE
:102E70008D2E00080123FB7330E07B68DB6A03F0D2
:102E80008073002B25D00123FB7322E07B68DB6A73
:102E9000B3F1C07F1FD10123FB731CE0BB68022B81
:102EA00003D9BB68032B03D018E00123FB7315E0A3
:102EB0007B68DB6A03F08073002B0ED00123FB7369
:102EC0000BE000BF0AE000BF08E000BF06E000BF63
:102ED00004E000BF02E000BF00E000BFFB7B18463B
:102EE0001437BD465DF8047B704700BF80B485B0E1
:102EF00000AF78607B6803F00703FB600C4BDB6876
:102F0000BB60BA684FF6FF031340BB60FB681A0250
:102F1000BB68134343F0BF6343F40033BB60044A10
:102F2000BB68D36000BF1437BD465DF8047B7047B3
:102F300000ED00E080B400AF044BDB681B0A03F037
:102F400007031846BD465DF8047B704700ED00E0BE
:102F500080B483B000AF0346FB7197F90730002BB4
:102F60000BDBFB7903F01F02074997F907305B0978
:102F7000012000FA02F241F8232000BF0C37BD46C1
:102F80005DF8047B704700BF00E100E080B483B0CF
:102F900000AF03463960FB7197F90730002B0ADB5D
:102FA0003B68DAB20C4997F907301201D2B20B44F0
:102FB00083F800230AE03B68DAB20849FB7903F0A2
:102FC0000F03043B1201D2B20B441A7600BF0C3738
:102FD000BD465DF8047B704700E100E000ED00E0D5
:102FE00080B489B000AFF860B9607A60FB6803F024
:102FF0000703FB61FB69C3F10703042B28BF04230C
:10300000BB61FB690433062B02D9FB69033B00E07B
:1030100000237B614FF0FF32BB6902FA03F3DA430E
:10302000BB681A407B699A404FF0FF317B6901FA17
:1030300003F3D9437B680B40134318462437BD463E
:103040005DF8047B7047000080B582B000AF786007
:103050007B68013BB3F1807F01D301230FE00A4A73
:103060007B68013B53600F214FF0FF30FFF78EFF6D
:10307000054B00229A60044B07221A600023184671
:103080000837BD4680BD00BF10E000E080B582B0CB
:1030900000AF78607868FFF729FF00BF0837BD46AA
:1030A00080BD80B586B000AF0346B9607A60FB731F
:1030B00000237B61FFF73EFF78617A68B968786921
:1030C000FFF78EFF024697F90F3011461846FFF7BB
:1030D0005DFF00BF1837BD4680BD80B582B000AF30
:1030E0000346FB7197F907301846FFF731FF00BF21
:1030F0000837BD4680BD80B582B000AF7860786883
:10310000FFF7A2FF034618460837BD4680BD000002
:1031100080B500AF0E4B1B680D4A43F4007313607B
:103120000B4B1B680A4A43F480631360084B1B680F
:10313000074A43F4807313600320FFF7A7FF0F20B3
:1031400000F008F804F0CCFF0023184680BD00BF53
:10315000003C024080B582B000AF7860124B1A6824
:10316000124B1B7819464FF47A73B3FBF1F3B2FBA1
:10317000F3F31846FFF7BFFF0346002B01D00123EE
:103180000EE07B680F2B0AD8002279684FF0FF30E1
:10319000FFF787FF064A7B681360002300E00123E6
:1031A00018460837BD4680BD0000002008000020FA
:1031B0000400002080B400AF064B1B781A46064B73
:1031C0001B681344044A136000BFBD465DF8047BCE
:1031D000704700BF08000020FC01002080B400AF51
:1031E000034B1B681846BD465DF8047B704700BF63
:1031F000FC01002080B582B000AF78607B68002BB6
:1032000001D1012342E07B6893F84130DBB2002B0F
:1032100006D17B68002283F84020786804F06CFDBA
:103220007B68242283F841207B681B68DA687B680E
:103230001B6822F40052DA60786800F0E1FF7B68D6
:103240001B681A697B681B6822F490421A617B68CC
:103250001B685A697B681B6822F02A025A617B68E6
:103260001B68DA687B681B6842F40052DA607B688E
:1032700000225A647B68202283F841207B68202248
:1032800083F842207B6800225A63002318460837DF
:10329000BD4680BD80B584B000AFF860B96013460C
:1032A000FB80FB6893F84230DBB2202B12D1BB6865
:1032B000002B02D0FB88002B01D101230BE0FB681F
:1032C00000221A63FB881A46B968F86800F0F5FC1A
:1032D000034600E0022318461037BD4680BD0000BB
:1032E00080B58CB000AFF860B9601346FB80FB6816
:1032F00093F84130DBB2202B62D1BB68002B02D0A7
:10330000FB88002B01D101235BE0BA68FB681A62DD
:10331000FB68FA889A84FB68FA88DA84FB680022E2
:103320005A64FB68212283F84120FB689B6B274A83
:10333000DA63FB689B6B264A1A64FB689B6B254A21
:10334000DA64FB689B6B00221A6507F10803FB62D5
:10335000FB68986BFB6A1968FB681B6804331A46A4
:10336000FB88FFF76FFA0346002B08D0FB6810229A
:103370005A64FB68202283F84120012321E0FB6886
:103380001B686FF040021A60FB681B681433BB6156
:10339000BB6953E8003F7B617B6943F08003BB62FC
:1033A000FB681B681433BA6A7A623B62396A7A6ACC
:1033B00041E80023FB61FB69002BE5D1002300E01D
:1033C000022318463037BD4680BD00BF093A0008C9
:1033D000A33A0008273C000880B58CB000AFF86025
:1033E000B9601346FB80FB6893F84230DBB2202BB8
:1033F00046D1BB68002B02D0FB88002B01D10123F2
:103400003FE0FB6801221A63FB6800225A63FB88D5
:103410001A46B968F86800F08BFC034687F82F302D
:10342000FB681B6B012B25D100233B61FB681B68EC
:103430001B683B61FB681B685B683B613B69FB6821
:103440001B680C33BB61BB6953E8003F7B617B6940
:1034500043F01003BB62FB681B680C33BA6A7A62E4
:103460003B62396A7A6A41E80023FB61FB69002B01
:10347000E5D102E0012387F82F3097F82F3000E0E4
:10348000022318463037BD4680BD000080B5BAB073
:1034900000AF78607B681B681B68C7F8E4307B6806
:1034A0001B68DB68C7F8E0307B681B685B69C7F89E
:1034B000DC300023C7F8D8300023C7F8D430D7F861
:1034C000E43003F00F03C7F8D830D7F8D830002B1A
:1034D0000FD1D7F8E43003F02003002B09D0D7F840
:1034E000E03003F02003002B03D0786800F0CAFD21
:1034F00073E2D7F8D830002B00F0DE80D7F8DC304C
:1035000003F00103002B06D1D7F8E03003F49073E9
:10351000002B00F0D180D7F8E43003F00103002B3A
:103520000BD0D7F8E03003F48073002B05D07B6814
:103530005B6C43F001027B685A64D7F8E43003F017
:103540000403002B0BD0D7F8DC3003F00103002B71
:1035500005D07B685B6C43F002027B685A64D7F845
:10356000E43003F00203002B0BD0D7F8DC3003F07B
:103570000103002B05D07B685B6C43F004027B6881
:103580005A64D7F8E43003F00803002B11D0D7F8C1
:10359000E03003F02003002B05D1D7F8DC3003F036
:1035A0000103002B05D07B685B6C43F008027B684D
:1035B0005A647B685B6C002B00F00A82D7F8E43019
:1035C00003F02003002B08D0D7F8E03003F02003ED
:1035D000002B02D0786800F055FD7B681B685B69A2
:1035E00003F04003402B0CBF01230023DBB2C7F8DC
:1035F000D4307B685B6C03F00803002B03D1D7F851
:10360000D430002B4FD0786800F060FC7B681B68DA
:103610005B6903F04003402B41D17B681B68143386
:10362000C7F89C30D7F89C3053E8003FC7F8983073
:10363000D7F8983023F04003C7F8D0307B681B6878
:103640001433D7F8D020C7F8A820C7F8A430D7F88B
:10365000A410D7F8A82041E80023C7F8A030D7F875
:10366000A030002BD9D17B68DB6B002B13D07B689B
:10367000DB6B8A4A1A657B68DB6B1846FFF7AAF991
:103680000346002B16D07B68DB6B1B6D7A68D26B10
:10369000104698470EE0786805F01CFE0AE078684E
:1036A00005F018FE06E0786805F014FE7B6800223D
:1036B0005A648DE100BF8BE17B681B6B012B40F0EE
:1036C0006781D7F8E43003F01003002B00F060812D
:1036D000D7F8E03003F01003002B00F059810023ED
:1036E000BB607B681B681B68BB607B681B685B6892
:1036F000BB60BB687B681B685B6903F04003402BC1
:1037000040F0CE807B68DB6B1B685B68A7F8BE303F
:10371000B7F8BE30002B00F0A9807B689B8DB7F80E
:10372000BE209A4280F0A2807B68B7F8BE20DA857E
:103730007B68DB6BDB69B3F5807F00F088807B689A
:103740001B680C33C7F88830D7F8883053E8003F3F
:10375000C7F88430D7F8843023F48073C7F8B830C2
:103760007B681B680C33D7F8B820C7F89420C7F8DB
:103770009030D7F89010D7F8942041E80023C7F88C
:103780008C30D7F88C30002BD9D17B681B68143370
:103790007B677B6F53E8003F3B673B6F23F0010380
:1037A000C7F8B4307B681B681433D7F8B420C7F867
:1037B0008020FB67F96FD7F8802041E80023BB67C2
:1037C000BB6F002BE1D17B681B6814333B663B6EFB
:1037D00053E8003FFB65FB6D23F04003C7F8B030B2
:1037E0007B681B681433D7F8B020FA66BB66B96EE5
:1037F000FA6E41E800237B667B6E002BE3D17B6889
:10380000202283F842207B6800221A637B681B68B1
:103810000C33FB64FB6C53E8003FBB64BB6C23F0D0
:103820001003C7F8AC307B681B680C33D7F8AC20AA
:10383000BA657B65796DBA6D41E800233B653B6DE8
:10384000002BE3D17B68DB6B1846FFF753F87B68EE
:1038500002225A637B689A8D7B68DB8D9BB2D31AF8
:103860009BB21946786805F0D7FCB3E07B689B8D66
:10387000B7F8BE209A4240F0AD807B68DB6BDB6915
:10388000B3F5807F40F0A6807B6802225A637B6894
:103890009B8D1946786805F0BFFC9BE0933F0008BC
:1038A0007B689A8D7B68DB8D9BB2D31AA7F8CE30EC
:1038B0007B68DB8D9BB2002B00F08E80B7F8CE309A
:1038C000002B00F089807B681B680C33BB63BB6BEB
:1038D00053E8003F7B637B6B23F49073C7F8C830D9
:1038E0007B681B680C33D7F8C8207A643B64396C5A
:1038F0007A6C41E80023FB63FB6B002BE3D17B6810
:103900001B6814337B627B6A53E8003F3B623B6A6F
:1039100023F00103C7F8C4307B681B681433D7F861
:10392000C4203A63FB62F96A3A6B41E80023BB6248
:10393000BB6A002BE3D17B68202283F842207B689E
:1039400000221A637B681B680C333B613B6953E8B8
:10395000003FFB60FB6823F01003C7F8C0307B68B2
:103960001B680C33D7F8C020FA61BB61B969FA69EA
:1039700041E800237B617B69002BE3D17B68022255
:103980005A63B7F8CE301946786805F045FC23E055
:10399000D7F8E43003F08003002B09D0D7F8E030EB
:1039A00003F08003002B03D0786800F003FB14E0E1
:1039B000D7F8E43003F04003002B0ED0D7F8E03006
:1039C00003F04003002B08D0786800F043FB04E0CC
:1039D00000BF02E000BF00E000BFE837BD4680BD89
:1039E00080B483B000AF786000BF0C37BD465DF88F
:1039F000047B704780B483B000AF786000BF0C37A1
:103A0000BD465DF8047B704780B590B000AF78602C
:103A10007B689B6BFB637B681B681B6803F480738C
:103A2000002B37D1FB6B0022DA84FB6B1B6814334D
:103A30007B627B6A53E8003F3B623B6A23F0800372
:103A4000BB63FB6B1B681433BA6B3A63FB62F96AA6
:103A50003A6B41E80023BB62BB6A002BE5D1FB6BEC
:103A60001B680C333B613B6953E8003FFB60FB681C
:103A700043F040037B63FB6B1B680C337A6BFA618A
:103A8000BB61B969FA6941E800237B617B69002B5E
:103A9000E5D102E0F86B05F007FC00BF4037BD46FA
:103AA00080BD80B584B000AF78607B689B6BFB60A5
:103AB000F868FFF795FF00BF1037BD4680BD80B5A1
:103AC0009CB000AF78607B689B6BFB667B681B6873
:103AD0001B6803F48073002B72D1FB6E0022DA8521
:103AE000FB6E1B680C33FB64FB6C53E8003FBB644C
:103AF000BB6C23F48073BB66FB6E1B680C33BA6E21
:103B0000BA657B65796DBA6D41E800233B653B6D15
:103B1000002BE5D1FB6E1B681433BB63BB6B53E812
:103B2000003F7B637B6B23F001037B66FB6E1B68AE
:103B300014337A6E7A643B64396C7A6C41E8002302
:103B4000FB63FB6B002BE5D1FB6E1B6814337B62C0
:103B50007B6A53E8003F3B623B6A23F040033B66CD
:103B6000FB6E1B6814333A6E3A63FB62F96A3A6B78
:103B700041E80023BB62BB6A002BE5D1FB6E20222B
:103B800083F84220FB6E1B6B012B19D1FB6E1B6867
:103B90000C333B613B6953E8003FFB60FB6823F05B
:103BA0001003FB65FB6E1B680C33FA6DFA61BB6199
:103BB000B969FA6941E800237B617B69002BE5D193
:103BC000FB6E00225A63FB6E1B6B012B06D1FB6E52
:103BD0009B8D1946F86E05F01FFB02E0F86E04F0AD
:103BE000D7FD00BF7037BD4680BD80B584B000AF43
:103BF00078607B689B6BFB60FB6801225A63FB6803
:103C00001B6B012B08D1FB689B8D5B089BB219468F
:103C1000F86805F001FB02E0F868FFF7EBFE00BF73
:103C20001037BD4680BD80B584B000AF78600023FA
:103C3000FB607B689B6BBB60BB681B685B6903F0C8
:103C40008003802B0CBF01230023DBB2FB60BB6829
:103C500093F84130DBB2212B08D1FB68002B05D053
:103C6000BB680022DA84B86800F008F9BB681B68FA
:103C70005B6903F04003402B0CBF01230023DBB240
:103C8000FB60BB6893F84230DBB2222B08D1FB68A3
:103C9000002B05D0BB680022DA85B86800F016F961
:103CA000BB685B6C43F01002BB685A64B86805F0EF
:103CB00011FB00BF1037BD4680BD80B485B000AF9A
:103CC000F860B9601346FB80FB68BA689A62FB68CB
:103CD000FA889A85FB68FA88DA85FB6800225A64BC
:103CE000FB68222283F84220FB681B69002B07D067
:103CF000FB681B68DA68FB681B6842F48072DA6054
:103D0000FB681B685A69FB681B6842F001025A6134
:103D1000FB681B68DA68FB681B6842F02002DA6007
:103D2000002318461437BD465DF8047B7047000039
:103D300080B598B000AFF860B9601346FB80BA68F0
:103D4000FB689A62FB68FA889A85FB6800225A64CD
:103D5000FB68222283F84220FB68DB6B444ADA636B
:103D6000FB68DB6B434A1A64FB68DB6B424ADA642C
:103D7000FB68DB6B00221A6507F10803FB65FB6833
:103D8000D86BFB681B6804331946FB6D1A68FB8807
:103D9000FEF758FD0346002B08D0FB6810225A643A
:103DA000FB68202283F8422001235DE000233B6171
:103DB000FB681B681B683B61FB681B685B683B61B9
:103DC0003B69FB681B69002B19D0FB681B680C332F
:103DD0003B643B6C53E8003FFB63FB6B43F4807335
:103DE000BB65FB681B680C33BA6DFA64BB64B96CC5
:103DF000FA6C41E800237B647B6C002BE5D1FB6807
:103E00001B681433FB62FB6A53E8003FBB62BB6A6A
:103E100043F001037B65FB681B6814337A6DBA635A
:103E20007B63796BBA6B41E800233B633B6B002BF0
:103E3000E5D1FB681B681433BB61BB6953E8003FE5
:103E40007B617B6943F040033B65FB681B6814336F
:103E50003A6D7A623B62396A7A6A41E80023FB6113
:103E6000FB69002BE5D1002318466037BD4680BDB5
:103E7000BF3A0008EB3B0008273C000880B489B03B
:103E800000AF78607B681B680C33FB60FB6853E80D
:103E9000003FBB60BB6823F0C003FB617B681B680D
:103EA0000C33FA69BA617B617969BA6941E8002328
:103EB0003B613B69002BE5D17B68202283F84120E0
:103EC00000BF2437BD465DF8047B704780B495B0D1
:103ED00000AF78607B681B680C337B637B6B53E8B7
:103EE000003F3B633B6B23F49073FB647B681B6870
:103EF0000C33FA6C3A64FB63F96B3A6C41E80023CB
:103F0000BB63BB6B002BE5D17B681B6814333B6242
:103F10003B6A53E8003FFB61FB6923F00103BB648C
:103F20007B681B681433BA6CFA62BB62B96AFA6ABE
:103F300041E800237B627B6A002BE5D17B681B6B29
:103F4000012B19D17B681B680C33FB60FB6853E8BD
:103F5000003FBB60BB6823F010037B647B681B6879
:103F60000C337A6CBA617B617969BA6941E80023E4
:103F70003B613B69002BE5D17B68202283F842201E
:103F80007B6800221A6300BF5437BD465DF8047B8E
:103F9000704780B584B000AF78607B689B6BFB6036
:103FA000FB680022DA85F86805F094F900BF103745
:103FB000BD4680BD80B485B000AF78607B6893F863
:103FC0004130DBB2212B3ED17B689B68B3F5805F2B
:103FD00014D17B681B69002B10D17B681B6AFB60C6
:103FE000FB681B881A467B681B68C2F308025A608C
:103FF0007B681B6A9A1C7B681A6208E07B681B6AF4
:10400000591C7A6811621A787B681B685A607B6851
:10401000DB8C9BB2013B9BB27A681946D184002BA2
:104020000FD17B681B68DA687B681B6822F080020E
:10403000DA607B681B68DA687B681B6842F04002C4
:10404000DA60002300E0022318461437BD465DF80D
:10405000047B704780B582B000AF78607B681B68D6
:10406000DA687B681B6822F04002DA607B682022F5
:1040700083F84120786805F017F9002318460837BF
:10408000BD4680BD80B58CB000AF78600023FB6278
:104090000023BB627B6893F84230DBB2222B40F0F6
:1040A000AA807B689B68B3F5805F15D17B681B692C
:1040B000002B11D17B689B6ABB627B681B685B68C5
:1040C0009BB2C3F308039AB2BB6A1A807B689B6AEF
:1040D0009A1C7B689A6224E07B689B6AFB627B681F
:1040E0009B68B3F5805F07D07B689B68002B0AD183
:1040F0007B681B69002B06D17B681B685B68DAB2A2
:10410000FB6A1A7008E07B681B685B68DBB203F02F
:104110007F03DAB2FB6A1A707B689B6A5A1C7B6861
:104120009A627B68DB8D9BB2013B9BB27A68194631
:10413000D185002B5DD17B681B68DA687B681B68C2
:1041400022F02002DA607B681B68DA687B681B68F3
:1041500022F48072DA607B681B685A697B681B688E
:1041600022F001025A617B68202283F842207B689A
:1041700000225A637B681B6B012B35D17B680022C0
:104180001A637B681B680C337B617B6953E8003FD3
:104190003B613B6923F010037B627B681B680C3337
:1041A0007A6A3A62FB61F9693A6A41E80023BB61C5
:1041B000BB69002BE5D17B681B681B6803F010030B
:1041C000102B0AD10023FB607B681B681B68FB6017
:1041D0007B681B685B68FB60FB687B689B8D19468E
:1041E000786805F019F802E0786804F0D1FA002345
:1041F00002E0002300E0022318463037BD4680BDB0
:104200002DE9B04FC0B000AFC7F8F400D7F8F430D4
:104210001B681B6923F44050D7F8F430D968D7F8ED
:10422000F4301A6840EA01031361D7F8F4309A6851
:10423000D7F8F4301B691A43D7F8F4305B691A4396
:10424000D7F8F430DB691343C7F8F830D7F8F43007
:104250001B68DB6823F4164121F00C01D7F8F43019
:104260001A68D7F8F8300B43D360D7F8F4301B68DE
:104270005B6923F44070D7F8F4309969D7F8F430CB
:104280001A6840EA01035361D7F8F4301A688F4B7B
:104290009A4205D0D7F8F4301A688D4B9A4204D16F
:1042A000FEF758F8C7F8FC0003E0FEF73FF8C7F840
:1042B000FC00D7F8F430DB69B3F5004F40F00C8117
:1042C000D7F8FC300022C7F8E830C7F8EC20D7E96F
:1042D0003A4522462B469118B9655B41FB65D7E903
:1042E0001623214612EB0108294643EB01094FF042
:1042F00000024FF000034FEAC90343EA58734FEA44
:10430000C80290469946234618EB0303C7F8E030ED
:104310002B4649EB0303C7F8E430D7F8F4305B6869
:104320000022C7F8D830C7F8DC20D7E936120B4690
:10433000DB183B65134642EB03037B65D7E9142387
:10434000D7E93801FCF708F902460B46614BA3FB9D
:1043500002235B091C01D7F8FC300022C7F8D030DB
:10436000C7F8D420D7E9348942464B469118B9643E
:104370005B41FB64D7E91223414612EB010A49462F
:1043800043EB010B4FF000024FF000034FEACB0369
:1043900043EA5A734FEACA0292469B4643461AEBD7
:1043A0000303C7F8C8304B464BEB0303C7F8CC30C8
:1043B000D7F8F4305B680022C7F8C030C7F8C420D3
:1043C000D7E930120B46DB183B64134642EB03037C
:1043D0007B64D7E91023D7E93201FCF7BDF8024628
:1043E0000B4611463B4BA3FB01235B09642202FBF6
:1043F00003F3CB1ADB0003F13202364BA3FB02239B
:104400005B095B0003F4F8731C44D7F8FC3000220E
:10441000C7F8B830C7F8BC20D7E92E8942464B46CA
:104420009118B9635B41FB63D7E90E2341465118EC
:10443000396349464B417B634FF000024FF0000364
:10444000D7E90CAB5946CB00514643EA517351466C
:10445000CA0010461946034642469B18C7F8B030BA
:104460004B460A4642EB0303C7F8B430D7F8F430A2
:104470005B680022C7F8A830C7F8AC20D7E92A1239
:104480000B46DB18BB62134642EB0303FB62D7E922
:104490000A23D7E92C01FCF75FF802460B460D4BC7
:1044A000A3FB02135B09642101FB03F3D31ADB00B6
:1044B0003233084AA2FB03235B0903F00702D7F853
:1044C000F4301B6822449A6006E100BF00100140EE
:1044D000001401401F85EB51D7F8FC300022C7F8CB
:1044E000A030C7F8A420D7E9288942464B46911846
:1044F00039625B417B62D7E908234146541849463B
:1045000043EB01054FF000024FF00003EB0043EADC
:104510005473E20014461D464346E318C7F898302A
:104520004B4645EB0303C7F89C30D7F8F4305B6883
:104530000022C7F89030C7F894204FF000024FF0E7
:104540000003D7E9244529468B00214643EA9173AD
:1045500021468A00D7E92601FBF7FEFF02460B46FB
:10456000604BA3FB02235B091C01D7F8FC3000223F
:10457000C7F88830C7F88C20D7E9228942464B46D5
:104580009118B9615B41FB61D7E906234146511897
:10459000396149464B417B614FF000024FF0000307
:1045A000D7E904AB5946CB00514643EA5173514613
:1045B000CA0010461946034642469B18C7F8803089
:1045C0004B460A4642EB0303C7F88430D7F8F43071
:1045D0005B680022BB67FA674FF000024FF00003F0
:1045E000D7E91E8949468B00414643EA917341460B
:1045F0008A00D7E92001FBF7AFFF02460B461146C0
:10460000384BA3FB01235B09642202FB03F3CB1AA3
:104610001B013233334AA2FB03235B0903F0F0038F
:104620001C44D7F8FC3000223B677A67D7E91C8925
:1046300042464B469118B9605B41FB60D7E90223C3
:1046400041465118396049464B417B604FF00002AA
:104650004FF00003D7E900AB5946CB00514643EA7F
:1046600051735146CA0010461946034642469B18EC
:10467000BB664B460A4642EB0303FB66D7F8F430B1
:104680005B6800223B667A664FF000024FF0000341
:10469000D7E9188949468B00414643EA9173414660
:1046A0008A00D7E91A01FBF757FF02460B460D4B6C
:1046B000A3FB02135B09642101FB03F3D31A1B0163
:1046C0003233084AA2FB03235B0903F00F02D7F839
:1046D000F4301B6822449A6000BF07F58077BD461E
:1046E000BDE8B08F1F85EB5180B483B000AF786018
:1046F0007B6803F108027B685A607B684FF0FF32E9
:104700009A607B6803F108027B68DA607B6803F1DA
:1047100008027B681A617B6800221A6000BF0C37B0
:10472000BD465DF8047B704780B483B000AF78600D
:104730007B6800221A6100BF0C37BD465DF8047B20
:10474000704780B485B000AF786039607B685B6883
:10475000FB603B68FA685A60FB689A683B689A603D
:10476000FB689B683A685A60FB683A689A603B68E5
:104770007A681A617B681B685A1C7B681A6000BFE4
:104780001437BD465DF8047B704780B485B000AF38
:10479000786039603B681B68BB60BB68B3F1FF3F62
:1047A00003D17B681B69FB600CE07B680833FB600E
:1047B00002E0FB685B68FB60FB685B681B68BA68CB
:1047C0009A42F6D2FB685A683B685A603B685B685D
:1047D0003A689A603B68FA689A60FB683A685A607F
:1047E0003B687A681A617B681B685A1C7B681A6090
:1047F00000BF1437BD465DF8047B704780B485B0B8
:1048000000AF78607B681B69FB607B685B687A68D7
:1048100092689A607B689B687A6852685A60FB6805
:104820005B687A689A4203D17B689A68FB685A6031
:104830007B6800221A61FB681B685A1EFB681A60BD
:10484000FB681B6818461437BD465DF8047B70474B
:1048500080B584B000AF786039607B68FB60FB682E
:10486000002B0BD14FF0500383F31188BFF36F8FF0
:10487000BFF34F8FBB6000BF00BFFDE702F08CFEAF
:10488000FB681A68FB68DB6BF968096C01FB03F3D2
:104890001A44FB689A60FB6800229A63FB681A68F6
:1048A000FB685A60FB681A68FB68DB6B013BF968C0
:1048B000096C01FB03F31A44FB68DA60FB68FF2212
:1048C00083F84420FB68FF2283F845203B68002BD7
:1048D00014D1FB681B69002B1AD0FB6810331846F3
:1048E00001F06AFA0346002B12D00D4B4FF08052B4
:1048F0001A60BFF34F8FBFF36F8F09E0FB6810336F
:104900001846FFF7F1FEFB6824331846FFF7ECFE6C
:1049100002F074FE012318461037BD4680BD00BF6B
:1049200004ED00E080B58EB002AFF860B9607A6047
:104930003B60FB68002B0BD14FF0500383F31188D1
:10494000BFF36F8FBFF34F8FBB6200BF00BFFDE7A8
:104950003B68002B0BD14FF0500383F31188BFF35A
:104960006F8FBFF34F8F7B6200BF00BFFDE77B6897
:10497000002B02D0BB68002B01D0012300E00023F4
:10498000002B0BD14FF0500383F31188BFF36F8FCF
:10499000BFF34F8F3B6200BF00BFFDE77B68002B7A
:1049A00002D1BB68002B01D1012300E00023002BC2
:1049B0000BD14FF0500383F31188BFF36F8FBFF318
:1049C0004F8FFB6100BF00BFFDE750237B617B6918
:1049D000502B0BD04FF0500383F31188BFF36F8F30
:1049E000BFF34F8FBB6100BF00BFFDE77B693B6832
:1049F000FB62FB6A002B0DD0FB6A012283F8462084
:104A000097F83820FB6A009313467A68B968F8680B
:104A100000F040F8FB6A18463037BD4680BD80B5CF
:104A20008AB002AFF860B9601346FB71FB68002BD7
:104A30000BD14FF0500383F31188BFF36F8FBFF397
:104A40004F8F3B6100BF00BFFDE7FB68BA6802FB08
:104A500003F3FB61FB695033184602F07BFAB8613F
:104A6000BB69002B11D0BB697B617B6950337B61D3
:104A7000BB69002283F84620FA79BB69009313468C
:104A80007A69B968F86800F005F8BB6918462037FC
:104A9000BD4680BD80B584B000AFF860B9607A6073
:104AA000FB70BB68002B03D1BB69BA691A6002E0D6
:104AB000BB697A681A60BB69FA68DA63BB69BA686D
:104AC0001A640121B869FFF7C3FEBB69FA7883F85D
:104AD0004C2000BF1037BD4680BD000080B58EB0B1
:104AE00000AFF860B9607A603B6000237B63FB68CD
:104AF0003B633B6B002B0BD14FF0500383F31188CA
:104B0000BFF36F8FBFF34F8FBB6200BF00BFFDE7E6
:104B1000BB68002B03D13B6B1B6C002B01D1012325
:104B200000E00023002B0BD14FF0500383F31188DA
:104B3000BFF36F8FBFF34F8F7B6200BF00BFFDE7F6
:104B40003B68022B03D13B6BDB6B012B01D10123B3
:104B500000E00023002B0BD14FF0500383F31188AA
:104B6000BFF36F8FBFF34F8F3B6200BF00BFFDE706
:104B700001F0E2FA0346002B02D17B68002B01D141
:104B8000012300E00023002B0BD14FF0500383F3EF
:104B90001188BFF36F8FBFF34F8FFB6100BF00BF62
:104BA000FDE702F0F9FC3B6B9A6B3B6BDB6B9A42C7
:104BB00002D33B68022B29D13A68B968386B00F000
:104BC00091FAF8623B6B5B6A002B10D03B6B24338D
:104BD000184601F0F1F80346002B13D03F4B4FF07D
:104BE00080521A60BFF34F8FBFF36F8F0AE0FB6AEA
:104BF000002B07D0394B4FF080521A60BFF34F8F14
:104C0000BFF36F8F02F0FAFC012363E07B68002B97
:104C100003D102F0F3FC00235CE07B6B002B06D198
:104C200007F11403184601F02BF901237B6302F00E
:104C3000E5FC00F089FE02F0AFFC3B6B93F84430DA
:104C40005BB2B3F1FF3F03D13B6B002283F84420FA
:104C50003B6B93F845305BB2B3F1FF3F03D13B6B45
:104C6000002283F8452002F0C9FC3A1D07F1140325
:104C70001146184601F01AF90346002B24D1386B6F
:104C800000F028FB0346002B18D03B6B10337A68EA
:104C90001146184601F03EF8386B00F0B3FA00F008
:104CA00061FE0346002B7FF47CAF0C4B4FF080522B
:104CB0001A60BFF34F8FBFF36F8F72E7386B00F04E
:104CC000A1FA00F04FFE6CE7386B00F09BFA00F0A1
:104CD00049FE002318463837BD4680BD04ED00E08C
:104CE00080B590B000AFF860B9607A603B60FB6857
:104CF000BB63BB6B002B0BD14FF0500383F31188C8
:104D0000BFF36F8FBFF34F8FBB6200BF00BFFDE7E4
:104D1000BB68002B03D1BB6B1B6C002B01D10123A3
:104D200000E00023002B0BD14FF0500383F31188D8
:104D3000BFF36F8FBFF34F8F7B6200BF00BFFDE7F4
:104D40003B68022B03D1BB6BDB6B012B01D1012331
:104D500000E00023002B0BD14FF0500383F31188A8
:104D6000BFF36F8FBFF34F8F3B6200BF00BFFDE704
:104D700002F0F2FCEFF311824FF0500383F311883D
:104D8000BFF36F8FBFF34F8FFA61BB61FB697B632A
:104D9000BB6B9A6BBB6BDB6B9A4202D33B68022BFB
:104DA0002FD1BB6B93F8453087F83330BB6B9B6BCF
:104DB000FB623A68B968B86B00F094F997F9333040
:104DC000B3F1FF3F12D1BB6B5B6A002B16D0BB6BFC
:104DD0002433184600F0F0FF0346002B0ED07B680A
:104DE000002B0BD07B6801221A6007E097F8333064
:104DF0000133DBB25AB2BB6B83F845200123FB635E
:104E000001E00023FB637B6B7B617B6983F311888B
:104E100000BFFB6B18464037BD4680BD80B58CB0E7
:104E200000AFF860B9607A600023FB62FB68BB6288
:104E3000BB6A002B0BD14FF0500383F31188BFF3F3
:104E40006F8FBFF34F8F3B6200BF00BFFDE7BB68B2
:104E5000002B03D1BB6A1B6C002B01D1012300E0A6
:104E60000023002B0BD14FF0500383F31188BFF3C5
:104E70006F8FBFF34F8FFB6100BF00BFFDE701F0F5
:104E80005BF90346002B02D17B68002B01D1012383
:104E900000E00023002B0BD14FF0500383F3118867
:104EA000BFF36F8FBFF34F8FBB6100BF00BFFDE744
:104EB00002F072FBBB6A9B6B7B627B6A002B1FD08C
:104EC000B968B86A00F078F97B6A5A1EBB6A9A63BF
:104ED000BB6A1B69002B0FD0BB6A1033184600F069
:104EE0006BFF0346002B07D03C4B4FF080521A60FB
:104EF000BFF34F8FBFF36F8F02F080FB012369E098
:104F00007B68002B03D102F079FB002362E0FB6A8F
:104F1000002B06D107F11003184600F0B1FF012362
:104F2000FB6202F06BFB00F00FFD02F035FBBB6A89
:104F300093F844305BB2B3F1FF3F03D1BB6A002268
:104F400083F84420BB6A93F845305BB2B3F1FF3F6E
:104F500003D1BB6A002283F8452002F04FFB3A1DC3
:104F600007F110031146184600F0A0FF0346002B7E
:104F700023D1B86A00F098F90346002B17D0BB6A1A
:104F800024337A681146184600F0C4FEB86A00F06F
:104F900039F900F0E7FC0346002B89D10F4B4FF0A5
:104FA00080521A60BFF34F8FBFF36F8F80E7B86AEC
:104FB00000F028F900F0D6FC7AE7B86A00F022F990
:104FC00000F0D0FCB86A00F06FF90346002B3FF404
:104FD0006FAF002318463037BD4680BD04ED00E0BA
:104FE00080B58EB000AFF860B9607A60FB683B6353
:104FF0003B6B002B0BD14FF0500383F31188BFF3B1
:105000006F8FBFF34F8F3B6200BF00BFFDE7BB68F0
:10501000002B03D13B6B1B6C002B01D1012300E063
:105020000023002B0BD14FF0500383F31188BFF303
:105030006F8FBFF34F8FFB6100BF00BFFDE702F032
:105040008BFBEFF311824FF0500383F31188BFF312
:105050006F8FBFF34F8FBA617B61BB69FB623B6BA4
:105060009B6BBB62BB6A002B2FD03B6B93F8443029
:1050700087F82730B968386B00F09EF8BB6A5A1E73
:105080003B6B9A6397F92730B3F1FF3F12D13B6B2B
:105090001B69002B16D03B6B1033184600F08CFEBA
:1050A0000346002B0ED07B68002B0BD07B680122BF
:1050B0001A6007E097F827300133DBB25AB23B6B36
:1050C00083F8442001237B6301E000237B63FB6AB8
:1050D0003B613B6983F3118800BF7B6B184638370F
:1050E000BD4680BD80B586B000AFF860B9607A601B
:1050F00000237B61FB689B6B3B61FB681B6C002B97
:105100000DD1FB681B68002B4DD1FB689B681846CE
:1051100001F030F87861FB6800229A6043E07B6818
:10512000002B19D1FB685868FB681B6C1A46B968DC
:105130000CF065FEFB685A68FB681B6C1A44FB6840
:105140005A60FB685A68FB689B689A422BD3FB68DD
:105150001A68FB685A6026E0FB68D868FB681B6C1D
:105160001A46B9680CF04BFEFB68DA68FB681B6CEA
:105170005B421A44FB68DA60FB68DA68FB681B680C
:105180009A4207D2FB689A68FB681B6C5B421A4420
:10519000FB68DA607B68022B05D13B69002B02D0EB
:1051A0003B69013B3B613B695A1CFB689A637B6925
:1051B00018461837BD4680BD80B582B000AF786014
:1051C00039607B681B6C002B18D07B68DA687B68C1
:1051D0001B6C1A447B68DA607B68DA687B689B68C2
:1051E0009A4203D37B681A687B68DA607B68D96867
:1051F0007B681B6C1A4638680CF001FE00BF08374C
:10520000BD4680BD80B584B000AF786002F0C4F9BF
:105210007B6893F84530FB7311E07B685B6A002B79
:1052200012D07B682433184600F0C6FD0346002BDD
:1052300001D000F09FFEFB7B013BDBB2FB7397F9D3
:105240000F30002BE9DC00E000BF7B68FF2283F811
:10525000452002F0D3F902F09FF97B6893F84430BF
:10526000BB7311E07B681B69002B12D07B68103385
:10527000184600F0A1FD0346002B01D000F07AFE95
:10528000BB7B013BDBB2BB7397F90E30002BE9DC33
:1052900000E000BF7B68FF2283F8442002F0AEF9F3
:1052A00000BF1037BD4680BD80B584B000AF7860C8
:1052B00002F072F97B689B6B002B02D10123FB602B
:1052C00001E00023FB6002F099F9FB6818461037F3
:1052D000BD4680BD80B584B000AF786002F05CF957
:1052E0007B689A6B7B68DB6B9A4202D10123FB607F
:1052F00001E00023FB6002F081F9FB6818461037DB
:10530000BD4680BD80B485B000AF786039600023B1
:10531000FB6014E00F4AFB6852F83330002B0BD1CE
:105320000C49FB683A6841F833200A4AFB68DB0005
:1053300013447A685A6006E0FB680133FB60FB683F
:10534000072BE7D900BF00BF1437BD465DF8047BCB
:10535000704700BF0002002080B586B000AFF86043
:10536000B9607A60FB687B6102F016F97B6993F89B
:1053700044305BB2B3F1FF3F03D17B69002283F875
:1053800044207B6993F845305BB2B3F1FF3F03D112
:105390007B69002283F8452002F030F97B699B6B22
:1053A000002B06D17B6924337A68B968184600F06F
:1053B000D7FC7869FFF726FF00BF1837BD4680BDD0
:1053C00080B58EB004AFF860B9607A603B607B6BEB
:1053D000002B0BD14FF0500383F31188BFF36F8F75
:1053E000BFF34F8F3B6200BF00BFFDE7BB6B002BDD
:1053F0000BD14FF0500383F31188BFF36F8FBFF3CE
:105400004F8FFB6100BF00BFFDE75C233B613B6941
:105410005C2B0BD04FF0500383F31188BFF36F8FD9
:10542000BFF34F8FBB6100BF00BFFDE73B69BB6BA4
:10543000002B1ED07B6B002B1BD0BB6B7B627B6A6F
:105440007A6B1A637B6A022283F859200023039344
:105450007B6A029307F1140301933B6B00933B6853
:105460007A68B968F86800F050F8786A00F0DEF8F9
:1054700001E000237B617B6918462837BD4680BD6B
:1054800080B58CB004AFF860B9603B601346FB8018
:10549000FB889B00184601F05DFD78617B69002B5D
:1054A0000ED05C2001F056FDF861FB69002B03D0A3
:1054B000FB697A691A6305E0786901F019FE01E079
:1054C0000023FB61FB69002B17D0FB69002283F8E6
:1054D0005920FA8800230393FB690293FB6A019326
:1054E000BB6A00933B68B968F86800F00EF8F86989
:1054F00000F09CF80123BB6102E04FF0FF33BB6179
:10550000BB6918462037BD4680BD80B588B000AF66
:10551000F860B9607A603B603B6B186B7B689B00FE
:105520001A46A5210CF082FB3B6B1A6B7B6803F1DA
:105530008043013B9B001344BB61BB6923F007031D
:10554000BB61BB6903F00703002B0BD04FF0500386
:1055500083F31188BFF36F8FBFF34F8F7B6100BF61
:1055600000BFFDE7BB68002B1FD00023FB6112E0EA
:10557000BA68FB69134419783A6BFB6913443433F6
:105580000A461A70BA68FB6913441B78002B06D0D0
:10559000FB690133FB61FB690F2BE9D900E000BF18
:1055A0003B6B002283F8432003E03B6B002283F82F
:1055B0003420BB6A372B01D93723BB623B6BBA6AF5
:1055C000DA623B6BBA6ADA643B6B00221A653B6BAA
:1055D00004331846FFF7A8F83B6B18331846FFF75B
:1055E000A3F83B6B3A6B1A61BB6AC3F138023B6BA1
:1055F0009A613B6B3A6B5A623B6B00225A653B6B7C
:10560000002283F858203A68F968B86901F090FEE2
:1056100002463B6B1A60FB6A002B02D0FB6A3A6BB6
:105620001A6000BF2037BD4680BD000080B582B043
:1056300000AF786001F0B0FF2D4B1B6801332C4A9E
:1056400013602C4B1B68002B09D12A4A7B6813601E
:10565000274B1B68012B10D100F0B0FC0DE0264B4E
:105660001B68002B09D1234B1B68DA6A7B68DB6A55
:105670009A4202D81F4A7B681360204B1B68013393
:105680001E4A13601D4B1A687B685A647B68DA6A8D
:105690001B4B1B689A4203D97B68DB6A184A13606C
:1056A0007B68DA6A13469B0013449B00154A1A4430
:1056B0007B68043319461046FFF743F801F09EFF5C
:1056C0000D4B1B68002B0ED00A4B1B68DA6A7B68F7
:1056D000DB6A9A4207D20C4B4FF080521A60BFF33C
:1056E0004F8FBFF36F8F00BF0837BD4680BD00BF2F
:1056F000140700204002002020070020300700206F
:105700001C0700204402002004ED00E080B58AB0B0
:1057100000AF7860396000237B627B68002B0BD17F
:105720004FF0500383F31188BFF36F8FBFF34F8F98
:105730007B6100BF00BFFDE73B68002B0BD14FF042
:10574000500383F31188BFF36F8FBFF34F8F3B611B
:1057500000BF00BFFDE72A4B1B68002B0BD04FF0AA
:10576000500383F31188BFF36F8FBFF34F8FFB603C
:1057700000BF00BFFDE700F0E7F8224B1B683B626B
:105780007B681B683A681344FB617B681B683A6A54
:105790009A420BD27B681B68FA699A4211D2FA6965
:1057A0003B6A9A420DD901237B620AE07B681B6841
:1057B000FA699A4203D3FA693B6A9A4201D90123F2
:1057C0007B627B68FA691A607B6A002B06D0FA69F3
:1057D0003B6AD31A0021184600F03CFD00F0C2F8E5
:1057E000B861BB69002B07D1074B4FF080521A609C
:1057F000BFF34F8FBFF36F8F00BF2837BD4680BD0B
:105800003C0700201807002004ED00E080B584B0BC
:1058100000AF78600023FB607B68002B18D0144B2E
:105820001B68002B0BD04FF0500383F31188BFF39C
:105830006F8FBFF34F8FBB6000BF00BFFDE700F06D
:1058400083F80021786800F005FD00F08BF8F8601F
:10585000FB68002B07D1074B4FF080521A60BFF353
:105860004F8FBFF36F8F00BF1037BD4680BD00BFA5
:105870003C07002004ED00E080B58AB004AF0023AF
:10588000BB6000237B603A46391D07F108031846C8
:1058900001F02CFB39687B68BA68029201930023FF
:1058A000009300230A4622492248FFF789FD034658
:1058B000214A1360204B1B68002B02D001237B611F
:1058C00001E000237B617B69012B02D100F016FD12
:1058D00078617B69012B16D14FF0500383F3118857
:1058E000BFF36F8FBFF34F8F3B6100BF134B4FF080
:1058F000FF321A60124B01221A60124B00221A600A
:1059000001F0A6FD0FE07B69B3F1FF3F0BD14FF033
:10591000500383F31188BFF36F8FBFF34F8FFB608A
:1059200000BF00BFFDE700BF1837BD4680BD00BF08
:10593000783E01088D5F00083807002034070020FA
:10594000200700201807002080B400AF044B1B681C
:105950000133034A136000BFBD465DF8047B704706
:105960003C07002080B584B000AF0023FB6000231B
:10597000BB60424B1B68002B0BD14FF0500383F3ED
:105980001188BFF36F8FBFF34F8F3B6000BF00BF25
:10599000FDE701F001FE394B1B68013B374A1360FC
:1059A000364B1B68002B62D1354B1B68002B5ED039
:1059B0002FE0344BDB68DB68FB60FB68183318466C
:1059C000FEF71CFFFB6804331846FEF717FFFB6861
:1059D000DA6A2D4B1B689A4203D9FB68DB6A2A4AB4
:1059E0001360FB68DA6A13469B0013449B00274A46
:1059F0001A44FB68043319461046FEF7A2FEFB6802
:105A0000DA6A234B1B68DB6A9A4202D3214B0122DC
:105A10001A601C4B1B68002BCBD1FB68002B01D0FC
:105A200000F06AFB1C4B1B687B607B68002B10D06E
:105A300000F058F80346002B02D0164B01221A60E2
:105A40007B68013B7B607B68002BF1D1124B00220D
:105A50001A60104B1B68002B09D00123BB600F4B51
:105A60004FF080521A60BFF34F8FBFF36F8F01F07A
:105A7000C5FDBB6818461037BD4680BD3C070020F9
:105A800014070020D40600201C0700204402002038
:105A900040020020280700202407002004ED00E039
:105AA00080B483B000AF054B1B687B607B681846F1
:105AB0000C37BD465DF8047B704700BF1807002017
:105AC00080B582B000AF01F047FE00237B60044B3D
:105AD0001B683B603B6818460837BD4680BD00BF69
:105AE0001807002080B586B000AF00237B614F4BC4
:105AF0001B68002B40F090804D4B1B6801333B61CD
:105B00004B4A3B6913603B69002B21D1494B1B6811
:105B10001B68002B0BD04FF0500383F31188BFF3A9
:105B20006F8FBFF34F8F3B6000BF00BFFDE7414B5E
:105B30001B68FB60404B1B683E4A13603E4AFB6893
:105B400013603E4B1B6801333C4A136000F0D4FAEB
:105B50003B4B1B683A699A4249D3364B1B681B681A
:105B6000002B04D1364B4FF0FF321A603FE0314B2F
:105B70001B68DB68DB68BB60BB685B687B603A699D
:105B80007B689A4203D22E4A7B6813602FE0BB6881
:105B900004331846FEF732FEBB689B6A002B04D024
:105BA000BB6818331846FEF729FEBB68DA6A254B36
:105BB0001B689A4203D9BB68DB6A224A1360BB6840
:105BC000DA6A13469B0013449B001F4A1A44BB68C1
:105BD000043319461046FEF7B4FDBB68DA6A1B4B66
:105BE0001B68DB6A9A42B8D301237B61B5E7174B88
:105BF0001B68DA6A144913469B0013449B000B444C
:105C00001B68012B01D901237B61114B1B68002B01
:105C100007D001237B6104E00E4B1B6801330D4A62
:105C200013607B6918461837BD4680BD3C070020CD
:105C300018070020CC060020D00600202C070020EA
:105C4000340700201C0700204402002040020020EE
:105C5000280700202407002080B485B000AF284B1F
:105C60001B68002B03D0274B01221A6042E0254B12
:105C700000221A60244B1B68FB6011E0FB68002BBC
:105C80000BD14FF0500383F31188BFF36F8FBFF335
:105C90004F8F7B6000BF00BFFDE7FB68013BFB60EF
:105CA0001A49FA6813469B0013449B000B441B6877
:105CB000002BE3D0FA6813469B0013449B00134A61
:105CC0001344BB60BB685B685A68BB685A60BB68BA
:105CD0005A68BB6808339A4204D1BB685B685A684B
:105CE000BB685A60BB685B68DB68094A1360064A98
:105CF000FB68136000BF1437BD465DF8047B704736
:105D00003C070020280700201C0700204402002038
:105D10004002002080B584B000AF786039607B68B5
:105D2000002B0BD14FF0500383F31188BFF36F8F1B
:105D3000BFF34F8FFB6000BF00BFFDE7074B1B6841
:105D4000183319467868FEF720FD0121386800F005
:105D500081FA00BF1037BD4680BD00BF4002002061
:105D600080B586B000AFF860B9607A60FB68002B40
:105D70000BD14FF0500383F31188BFF36F8FBFF344
:105D80004F8F7B6100BF00BFFDE70A4B1B681833D4
:105D90001946F868FEF7D5FC7B68002B02D04FF05F
:105DA000FF33BB607968B86800F054FA00BF183759
:105DB000BD4680BD4002002080B586B000AF78604F
:105DC0007B68DB68DB683B613B69002B0BD14FF0E4
:105DD000500383F31188BFF36F8FBFF34F8FFB60C6
:105DE00000BF00BFFDE73B6918331846FEF706FD0C
:105DF0001D4B1B68002B1DD13B6904331846FEF771
:105E0000FDFC3B69DA6A194B1B689A4203D93B696E
:105E1000DB6A164A13603B69DA6A13469B00134437
:105E20009B00134A1A443B69043319461046FEF797
:105E300088FC05E03B69183319460E48FEF781FCE3
:105E40003B69DA6A0C4B1B68DB6A9A4205D901236D
:105E50007B610A4B01221A6001E000237B617B69B0
:105E600018461837BD4680BD3C0700201C0700209F
:105E700044020020D4060020400200202807002011
:105E800080B483B000AF7860064B1A687B681A60F4
:105E9000054B1A687B685A6000BF0C37BD465DF839
:105EA000047B70472C0700201807002080B588B0BD
:105EB00000AF786039607B68002B0BD14FF0500346
:105EC00083F31188BFF36F8FBFF34F8F3B6100BF28
:105ED00000BFFDE73B68002B0BD14FF0500383F36D
:105EE0001188BFF36F8FBFF34F8FFB6000BF00BF00
:105EF000FDE701F051FB1D4B1B68BB617B685B68D4
:105F0000BA69D31A7B613B681B68B3F1FF3F02D1CA
:105F10000023FB6123E07B681A68154B1B689A42DB
:105F200007D07B685B68BA699A4202D30123FB61A0
:105F300015E03B681B687A699A420BD23B681A6885
:105F40007B69D21A3B681A607868FFF799FF0023D3
:105F5000FB6104E03B6800221A600123FB6101F051
:105F60004DFBFB6918462037BD4680BD1807002051
:105F70002C07002080B400AF034B01221A6000BF41
:105F8000BD465DF8047B70472807002080B582B0CD
:105F900000AF786000F052F8064B1B68012BF9D96E
:105FA000054B4FF080521A60BFF34F8FBFF36F8FD6
:105FB000F0E700BF4402002004ED00E080B582B0AD
:105FC00000AF00237B600CE07A6813469B0013440B
:105FD0009B00124A13441846FEF786FB7B68013388
:105FE0007B607B68372BEFD90D48FEF77DFB0D48B2
:105FF000FEF77AFB0C48FEF777FB0C48FEF774FBC4
:106000000B48FEF771FB0B4B054A1A600A4B054A19
:106010001A6000BF0837BD4680BD00BF44020020A3
:10602000A4060020B8060020D4060020E8060020C0
:1060300000070020CC060020D006002080B582B0EA
:1060400000AF19E001F0A8FA104BDB68DB687B6059
:106050007B6804331846FEF7D1FB0D4B1B68013BF0
:106060000B4A13600B4B1B68013B0A4A136001F09B
:10607000C5FA786800F010F8064B1B68002BE1D1D8
:1060800000BF00BF0837BD4680BD00BFE806002046
:1060900014070020FC06002080B584B000AF7860B3
:1060A0007B6893F85930002B08D17B681B6B18462E
:1060B00001F01EF8786801F01BF819E07B6893F88E
:1060C0005930012B03D1786801F012F810E07B6899
:1060D00093F85930022B0BD04FF0500383F3118803
:1060E000BFF36F8FBFF34F8FFB6000BF00BFFDE7B3
:1060F00000BF1037BD4680BD80B483B000AF0C4BED
:106100001B681B68002B04D10A4B4FF0FF321A604A
:1061100008E0074B1B68DB68DB687B607B685B68BB
:10612000044A136000BF0C37BD465DF8047B70471E
:10613000CC0600203407002080B483B000AF0B4BA6
:106140001B68002B02D101237B6008E0084B1B6811
:10615000002B02D102237B6001E000237B607B687F
:1061600018460C37BD465DF8047B704720070020B9
:106170003C07002080B586B000AF78607B683B614B
:1061800000237B617B68002B58D02F4B1B683A693A
:106190009A420BD04FF0500383F31188BFF36F8FF7
:1061A000BFF34F8FFB6000BF00BFFDE73B691B6D76
:1061B000002B0BD14FF0500383F31188BFF36F8F87
:1061C000BFF34F8FBB6000BF00BFFDE73B691B6D96
:1061D0005A1E3B691A653B69DA6A3B69DB6C9A4275
:1061E0002CD03B691B6D002B28D13B69043318462A
:1061F000FEF704FB3B69DA6C3B69DA623B69DB6AF8
:10620000C3F138023B699A613B69DA6A0F4B1B683C
:106210009A4203D93B69DB6A0C4A13603B69DA6A2C
:1062200013469B0013449B00094A1A443B690433FC
:1062300019461046FEF785FA01237B617B691846F3
:106240001837BD4680BD00BF400200201C0700205B
:106250004402002080B584B000AF78603960214BE3
:106260001B68FB60204B1B6804331846FEF7C6FA18
:106270007B68B3F1FF3F0AD13B68002B07D01A4B74
:106280001B68043319461948FEF75BFA26E0FA68E2
:106290007B681344BB60144B1B68BA685A60BA68C9
:1062A000FB689A4209D2124B1A680F4B1B680433E1
:1062B00019461046FEF769FA10E00E4B1A680A4BB1
:1062C0001B68043319461046FEF75FFA0A4B1B6839
:1062D000BA689A4202D2084ABB68136000BF1037FE
:1062E000BD4680BD180700204002002000070020A6
:1062F000D0060020CC0600203407002080B58AB0EC
:1063000004AF00237B6100F013FB1D4B1B68002BC7
:1063100021D00023FB600023BB603A1D07F1080178
:1063200007F10C03184600F0FBFD7968BB68FA68BA
:10633000029201930223009300230A461149124856
:10634000FFF73EF80346114A1360104B1B68002B01
:1063500001D001237B617B69002B0BD14FF05003EF
:1063600083F31188BFF36F8FBFF34F8F3B6100BF83
:1063700000BFFDE77B6918461837BD4680BD00BFEA
:1063800070070020803E0108C964000874070020DF
:1063900080B58AB000AFF860B9607A603B600023D6
:1063A0007B62FB68002B0BD14FF0500383F3118805
:1063B000BFF36F8FBFF34F8F3B6200BF00BFFDE79E
:1063C000194B1B68002B2AD0BB683B617B687B6143
:1063D000FB68BB61BB68052B18DCFFF7ADFE03460D
:1063E000022B09D1104B186807F1100100233A6BFA
:1063F000FEF774FB786212E00B4B186807F110018E
:1064000000230022FEF76AFB786208E0064B18685A
:1064100007F1100100233A68FEF762FC78627B6A9C
:1064200018462837BD4680BD7007002080B588B06B
:1064300002AF78603960234B1B68DB68DB687B61E7
:106440007B6904331846FEF7D9F97B6993F8283045
:1064500003F00403002B23D07B699A697B68D11871
:106460007B683A68786900F0D5F80346002B20D0A5
:106470000023009300237A6800217869FFF788FFE2
:1064800038613B69002B14D14FF0500383F311881E
:10649000BFF36F8FBFF34F8FFB6000BF00BFFDE7FF
:1064A0007B6993F8283023F00103DAB27B6983F823
:1064B00028207B691B6A7869984700BF1837BD465A
:1064C00080BD00BF6807002080B584B000AF786051
:1064D00007F10803184600F059F8F860BB68194640
:1064E000F86800F005F800F0D7F800BFF0E700000A
:1064F00080B584B000AF78603960FFF725FA07F106
:106500000803184600F066F8F860BB68002B30D12D
:106510003B68002B0AD17A68FB689A4206D8FFF7DD
:1065200021FAF9687868FFF781FF24E03B68002BC7
:1065300008D0134B1B681B68002B01D1012300E01E
:1065400000233B600F4B18687A68FB68D31A3A68DF
:106550001946FEF701FFFFF705FA0346002B0AD1A3
:10656000094B4FF080521A60BFF34F8FBFF36F8F0C
:1065700001E0FFF7F7F900BF1037BD4680BD00BF4F
:106580006C0700207007002004ED00E080B485B0A7
:1065900000AF78600E4B1B681B68002B01D10122F5
:1065A00000E000227B681A607B681B68002B05D125
:1065B000074B1B68DB681B68FB6001E00023FB6086
:1065C000FB6818461437BD465DF8047B704700BF72
:1065D0006807002080B584B000AF7860FFF760FAEC
:1065E000F8600B4B1B68FA689A4205D200F03AF942
:1065F0007B6801221A6002E07B6800221A60044A6C
:10660000FB681360FB6818461037BD4680BD00BFAD
:106610007807002080B586B000AFF860B9607A6076
:106620003B6000237B61FB68BA685A60FB68FA68CC
:106630001A61BA687B689A4212D87A683B68D21AA3
:10664000FB689B699A4202D301237B611BE0104BDC
:106650001A68FB68043319461046FEF796F812E0F4
:106660007A683B689A4206D2BA683B689A4202D37B
:1066700001237B6107E0074B1A68FB680433194666
:106680001046FEF782F87B6918461837BD4680BD74
:106690006C0700206807002080B58EB002AFCEE006
:1066A0007B68002B19DA3B1D0433FB62FB6A002B6D
:1066B0000BD14FF0500383F31188BFF36F8FBFF3FB
:1066C0004F8FFB6100BF00BFFDE7FB6A1B68FA6AE2
:1066D0005068FA6A9268114698477B68002BC0F2AE
:1066E000AE80FB68BB62BB6A5B69002B04D0BB6AEF
:1066F00004331846FEF782F83B461846FFF76AFF58
:1067000078627B68092B00F2978001A252F823F08F
:10671000396700083967000839670008AF67000863
:10672000C36700080F680008396700083967000868
:10673000AF670008C3670008BB6A93F8283043F0CE
:106740000103DAB2BB6A83F82820BA68BB6A9B6986
:10675000D118BB687A6AB86AFFF75CFF0346002B62
:106760006CD0BB6A1B6AB86A9847BB6A93F828303A
:1067700003F00403002B61D0BA68BB6A9B691A441A
:106780000023009300230021B86AFFF701FE38625E
:106790003B6A002B52D14FF0500383F31188BFF3B3
:1067A0006F8FBFF34F8FBB6100BF00BFFDE7BB6AB8
:1067B00093F8283023F00103DAB2BB6A83F828206B
:1067C0003DE0BB6A93F8283043F00103DAB2BB6ABC
:1067D00083F82820BA68BB6A9A61BB6A9B69002B60
:1067E0000BD14FF0500383F31188BFF36F8FBFF3CA
:1067F0004F8F7B6100BF00BFFDE7BB6A9A697B6A70
:10680000D1187B6A7A6AB86AFFF704FF17E0BB6A9F
:1068100093F8283003F00203002B03D1B86A00F08C
:1068200067FC0CE0BB6A93F8283023F00103DAB26E
:10683000BB6A83F8282002E000BF00E000BF084BDD
:106840001B68391D00221846FEF7E8FA0346002BA4
:106850007FF426AF00BF00BF3037BD4680BD00BF0C
:106860007007002080B588B002AF49E02E4B1B684E
:10687000DB681B683B612C4B1B68DB68DB68FB60DB
:10688000FB6804331846FDF7B9FFFB681B6AF8681C
:106890009847FB6893F8283003F00403002B2FD0AF
:1068A000FB689B693A691344BB60BA683B699A42CA
:1068B0000ED9FB68BA685A60FB68FA681A611A4B0D
:1068C0001A68FB68043319461046FDF75EFF17E0AF
:1068D0000023009300233A690021F868FFF758FD70
:1068E00078607B68002B0BD14FF0500383F3118845
:1068F000BFF36F8FBFF34F8F3B6000BF00BFFDE75B
:10690000094B1B681B68002BB0D1074B1B687B61D0
:10691000064B1B68044A1360044A7B69136000BF7E
:106920001837BD4680BD00BF680700206C070020F7
:1069300080B582B002AF00F02FFE154B1B68002B14
:1069400020D11448FDF7D0FE1348FDF7CDFE134BC0
:10695000104A1A60124B104A1A6000230093114B20
:10696000114A10210A20FDF7DDFF0346084A136093
:10697000074B1B68002B05D0054B1B680B491846BD
:10698000FEF7C0FC00F03AFE00BFBD4680BD00BF70
:1069900070070020400700205407002068070020EF
:1069A0006C0700201C0800207C070020883E01089E
:1069B00080B483B000AF03463960FB7197F90730AC
:1069C000002B0ADB3B68DAB20C4997F90730120159
:1069D000D2B20B4483F800230AE03B68DAB20849DC
:1069E000FB7903F00F03043B1201D2B20B441A7679
:1069F00000BF0C37BD465DF8047B704700E100E046
:106A000000ED00E080B500AF00216FF00400FFF75B
:106A1000CFFF00BF80BD000080B483B000AFEFF3B4
:106A200005833B603B68002B03D06FF005037B6060
:106A30000CE00A4B1B68002B05D1084B01221A60A1
:106A400000237B6002E04FF0FF337B607B681846D9
:106A50000C37BD465DF8047B704700BF6C08002012
:106A600080B582B000AFEFF305833B603B68002B3D
:106A700003D06FF005037B6010E00B4B1B68012B0C
:106A800009D1FFF7BFFF084B02221A60FEF7F4FEA0
:106A900000237B6002E04FF0FF337B607B68184689
:106AA0000837BD4680BD00BF6C08002080B582B0AD
:106AB00000AFEFF305833B603B68002B03D0FEF78C
:106AC000FFFF786002E0FEF7EBFF78607B68184616
:106AD0000837BD4680BD80B58EB004AFF860B960A0
:106AE0007A6000233B61EFF305837B617B69002BB8
:106AF0007ED1FB68002B7BD080233B621823FB6197
:106B000000237B624FF0FF33BB617B68002B45D0D5
:106B10007B681B68002B02D07B681B687B627B68EC
:106B20009B69002B02D07B689B69FB61FB69002B92
:106B300008D0FB69382B05D87B685B6803F001033C
:106B4000002B01D0002354E07B685B69002B03D04D
:106B50007B685B699B083B627B689B68002B0ED05F
:106B60007B68DB685B2B0AD97B681B69002B06D02E
:106B70007B685B69002B02D00123BB6110E07B685E
:106B80009B68002B0CD17B68DB68002B08D17B68ED
:106B90001B69002B04D10023BB6101E00023BB6112
:106BA000BB69012B10D17B681B697A6892680292DD
:106BB0000193FB690093BB683A6A796AF868FEF74B
:106BC000FFFB03463B6113E0BB69002B10D13B6A1E
:106BD0009AB207F110030193FB690093BB68796ACD
:106BE000F868FEF74DFC0346012B01D000233B6102
:106BF0003B6918462837BD4680BD80B584B000AFDC
:106C00007860EFF30583BB60BB68002B03D06FF0A7
:106C10000503FB6007E00023FB607B68002B02D0CC
:106C20007868FEF7F3FDFB6818461037BD4680BD57
:106C300080B586B000AF7860EFF30583FB60FB683A
:106C4000002B03D06FF005037B6119E000237B610B
:106C5000FEF726FF0346BB60BB687A68D31A3B6128
:106C60003B69002B09D03B69002B06DB07F10803C9
:106C700039691846FEF74AFD02E06FF003037B61B5
:106C80007B6918461837BD4680BD80B58AB002AF13
:106C9000F860B9607A600023FB61EFF305833B6124
:106CA0003B69002B5FD1FB68002B5CD0BB68002BDD
:106CB00059D04FF0FF33BB617B68002B29D07B6834
:106CC0009B68002B12D07B68DB684F2B0ED97B684A
:106CD0001B69002B0AD07B685A69FB68B96801FB05
:106CE00003F39A4202D30123BB6114E07B689B68E3
:106CF000002B10D17B68DB68002B0CD17B681B69F3
:106D0000002B08D17B685B69002B04D10023BB6199
:106D100001E00023BB61BB69012B0BD17B681A69C1
:106D20007B689B6800210091B968F868FDF7FAFD5F
:106D3000F86108E0BB69002B05D10022B968F8684A
:106D4000FDF76DFEF861FB69002B0CD07B68002B12
:106D500003D07B681B687B6101E000237B6179695C
:106D6000F869FEF7CFFAFB6918462037BD4680BDAB
:106D700080B588B000AFF860B9603B601346FB7126
:106D8000FB68BB610023FB61EFF305837B617B69DB
:106D9000002B28D0BB69002B05D0BB68002B02D08C
:106DA0003B68002B03D06FF00303FB6138E0002346
:106DB0003B6107F110020023B968B869FDF790FF45
:106DC0000346012B03D06FF00203FB6128E03B690F
:106DD000002B25D0154B4FF080521A60BFF34F8F18
:106DE000BFF36F8F1CE0BB69002B02D0BB68002B88
:106DF00003D16FF00303FB6112E000233A68B96826
:106E0000B869FDF76BFE0346012B09D03B68002BE8
:106E100003D06FF00103FB6102E06FF00203FB613E
:106E2000FB6918462037BD4680BD00BF04ED00E079
:106E300080B588B000AFF860B9607A603B60FB68ED
:106E4000BB610023FB61EFF305837B617B69002B52
:106E500028D0BB69002B05D0BB68002B02D03B6853
:106E6000002B03D06FF00303FB6137E000233B618D
:106E700007F110031A46B968B869FEF7B1F803467E
:106E8000012B03D06FF00203FB6127E03B69002B6D
:106E900024D0154B4FF080521A60BFF34F8FBFF3D1
:106EA0006F8F1BE0BB69002B02D0BB68002B03D1A6
:106EB0006FF00303FB6111E03A68B968B869FDF748
:106EC000ADFF0346012B09D03B68002B03D06FF0C8
:106ED0000103FB6102E06FF00203FB61FB691846EE
:106EE0002037BD4680BD00BF04ED00E080B485B012
:106EF00000AFF860B9607A60FB68074A1A60BB6847
:106F0000064A1A607B6880221A6000BF1437BD46AB
:106F10005DF8047B704700BF70080020CC0800209B
:106F200080B485B000AFF860B9607A60FB68074A4A
:106F30001A60BB68064A1A607B684FF480721A6058
:106F400000BF1437BD465DF8047B7047CC0A0020B3
:106F5000280B002080B58AB000AF78600023FB6169
:106F6000FEF7F2FC5C4B1B68002B01D100F024F90A
:106F70005A4B1A687B681340002B40F095807B6861
:106F8000002B1ED008227B6813447B607B6803F0D3
:106F90000703002B15D07B6823F0070308337B60C1
:106FA0007B6803F00703002B0BD04FF0500383F3F3
:106FB0001188BFF36F8FBFF34F8F7B6100BF00BF9E
:106FC000FDE77B68002B6FD0454B1B687A689A42BF
:106FD0006AD8444B3B62434B1B687B6204E07B6A8C
:106FE0003B627B6A1B687B627B6A5B687A689A4259
:106FF00003D97B6A1B68002BF1D1374B1B687A6A77
:107000009A4251D03B6A1B6808221344FB617B6A99
:107010001A683B6A1A607B6A5A687B68D21A08232E
:107020005B009A4220D97A6A7B681344BB61BB69D2
:1070300003F00703002B0BD04FF0500383F31188AC
:10704000BFF36F8FBFF34F8F3B6100BF00BFFDE702
:107050007B6A5A687B68D21ABB695A607B6A7A6815
:107060005A60B86900F00AF91D4B1A687B6A5B68C0
:10707000D31A1B4A13601A4B1A681B4B1B689A429F
:1070800003D2174B1B68184A13607B6A5A68134B6C
:107090001B681A437B6A5A607B6A00221A60134B92
:1070A0001B680133114A1360FEF75CFCFB6903F0B7
:1070B0000703002B0BD04FF0500383F31188BFF36D
:1070C0006F8FBFF34F8FFB6000BF00BFFDE7FB6911
:1070D00018462837BD4680BD304B0020444B002069
:1070E000344B0020284B0020384B00203C4B002024
:1070F00080B586B000AF78607B687B617B68002BD1
:107100004FD008235B427A6913447B617B693B6102
:107110003B695A68254B1B681340002B0BD14FF07D
:10712000500383F31188BFF36F8FBFF34F8FFB6062
:1071300000BF00BFFDE73B691B68002B0BD04FF081
:10714000500383F31188BFF36F8FBFF34F8FBB6082
:1071500000BF00BFFDE73B695A68144B1B68134032
:10716000002B1ED03B691B68002B1AD13B695A6863
:107170000E4B1B68DB431A403B695A60FEF7E4FB89
:107180003B695A680A4B1B681344094A1360386903
:1071900000F074F8074B1B680133064A1360FEF7D2
:1071A000E1FB00BF1837BD4680BD00BF444B002047
:1071B000344B0020404B002080B485B000AF4FF42A
:1071C0007053BB60274BFB60FB6803F00703002B89
:1071D0000CD0FB680733FB60FB6823F00703FB6000
:1071E000BA68FB68D31A1F4A1344BB60FB687B6014
:1071F0001D4A7B6813601C4B00225A607B68BA688A
:107200001344FB600822FB689B1AFB60FB6823F0B9
:107210000703FB60FB68154A1360144B1B680022D0
:107220005A60124B1B6800221A607B683B603B6807
:10723000FA68D21A3B685A600C4B1A683B681A60AD
:107240003B685B680A4A13603B685B68094A1360E5
:10725000094B4FF000421A6000BF1437BD465DF87D
:10726000047B7047280F0020284B0020304B002063
:10727000384B0020344B0020444B002080B485B0B4
:1072800000AF7860284BFB6002E0FB681B68FB6086
:10729000FB681B687A689A42F7D8FB68BB60FB689A
:1072A0005B68BA6813447A689A4208D1FB685A68E6
:1072B0007B685B681A44FB685A60FB687B607B688C
:1072C000BB607B685B68BA681A44FB681B689A42BB
:1072D00018D1FB681A68154B1B689A420DD07B6861
:1072E0005A68FB681B685B681A447B685A60FB68D5
:1072F0001B681A687B681A6008E00C4B1A687B6888
:107300001A6003E0FB681A687B681A60FA687B6899
:107310009A4202D0FB687A681A6000BF1437BD46F3
:107320005DF8047B704700BF284B0020304B0020E5
:1073300080B485B000AFF860B9607A60FB68043B48
:10734000FB60FB684FF080721A60FB68043BFB60D7
:10735000BB6823F00102FB681A60FB68043BFB601A
:107360000C4AFB681A60FB68143BFB607A68FB6898
:107370001A60FB68043BFB60FB686FF002021A6056
:10738000FB68203BFB60FB6818461437BD465DF880
:10739000047B70479973000880B485B000AF002368
:1073A0007B60134B1B68B3F1FF3F0BD04FF05003D2
:1073B00083F31188BFF36F8FBFF34F8FFB6000BF64
:1073C00000BFFDE74FF0500383F31188BFF36F8FC9
:1073D000BFF34F8FBB6000BF00BF7B68002BFCD0AA
:1073E00000BF00BF1437BD465DF8047B704700BF87
:1073F0000C00002000000000000000000000000061
:10740000074B19680868B0E8F04F80F30988BFF3AC
:107410006F8F4FF0000080F311887047AFF300804A
:107420004002002000BF00BF08480068006880F3E9
:1074300008884FF0000080F3148862B661B6BFF38D
:107440004F8FBFF36F8F00DF00BF00BF08ED00E07C
:1074500080B586B000AF474B1B68474A93420BD1BB
:107460004FF0500383F31188BFF36F8FBFF34F8F3B
:10747000FB6000BF00BFFDE73E4B1B683F4A9342E5
:107480000BD14FF0500383F31188BFF36F8FBFF31D
:107490004F8F3B6100BF00BFFDE7394B7B617B69CC
:1074A0001B78DBB27B607B69FF221A707B691B78DB
:1074B000DBB2FB70FB78DBB203F05003DAB2314B86
:1074C0001A70314B07221A6009E02F4B1B68013BF1
:1074D0002D4A1360FB78DBB25B00DBB2FB70FB78FC
:1074E000DBB203F08003802BEFD0274B1B68C3F186
:1074F0000703042B0BD04FF0500383F31188BFF325
:107500006F8FBFF34F8FBB6000BF00BFFDE71E4B07
:107510001B681B021C4A13601B4B1B6803F4E063CF
:10752000194A13607B68DAB27B691A70174B1B68C3
:10753000164A43F470031360144B1B68134A43F05C
:107540007043136000F0DAF8114B00221A6000F06B
:10755000F9F8104B1B680F4A43F040431360FFF7E4
:1075600063FFFEF779FBFFF717FF00231846183774
:10757000BD4680BD00ED00E071C20F4170C20F41F9
:1075800000E400E0484B00204C4B002020ED00E0E0
:107590000C00002034EF00E080B483B000AF4FF067
:1075A000500383F31188BFF36F8FBFF34F8F7B605E
:1075B00000BF104B1B6801330E4A13600D4B1B6854
:1075C000012B10D10C4B1B68DBB2002B0BD04FF002
:1075D000500383F31188BFF36F8FBFF34F8F3B606E
:1075E00000BF00BFFDE700BF0C37BD465DF8047B60
:1075F000704700BF0C00002004ED00E080B483B0B1
:1076000000AF124B1B68002B0BD14FF0500383F3DC
:107610001188BFF36F8FBFF34F8F7B6000BF00BF38
:10762000FDE70A4B1B68013B084A1360074B1B68C8
:10763000002B05D100233B603B6883F3118800BF1A
:1076400000BF0C37BD465DF8047B70470C0000207E
:10765000EFF30980BFF36F8F154B1A681EF0100F00
:1076600008BF20ED108A20E9F04F10602DE90900D5
:107670004FF0500080F31188BFF34F8FBFF36F8F2F
:10768000FEF7EAFA4FF0000080F3118809BC196890
:107690000868B0E8F04F1EF0100F08BFB0EC108A79
:1076A00080F30988BFF36F8F704700BFAFF300808E
:1076B0004002002000BF00BF80B582B000AF4FF095
:1076C000500383F31188BFF36F8FBFF34F8F7B603D
:1076D00000BFFEF707FA0346002B03D0064B4FF01E
:1076E00080521A6000233B603B6883F3118800BF1F
:1076F00000BF0837BD4680BD04ED00E080B400AF98
:107700000B4B00221A600B4B00221A600A4B1B68BD
:107710000A4AA2FB03239B09094A013B1360044B5D
:1077200007221A6000BFBD465DF8047B704700BFAA
:1077300010E000E018E000E000000020D34D6210EF
:1077400014E000E0DFF80C00016841F47001016012
:10775000704700BF88ED00E080B485B000AFEFF364
:107760000583FB60FB680F2B15D9184AFB6813448F
:107770001B78FB72164B1B78FA7A9A420BD24FF0A9
:10778000500383F31188BFF36F8FBFF34F8F7B607C
:1077900000BF00BFFDE70F4B1B6803F4E0620E4B18
:1077A0001B689A420BD94FF0500383F31188BFF343
:1077B0006F8FBFF34F8F3B6000BF00BFFDE700BF7F
:1077C0001437BD465DF8047B704700BFF0E300E06E
:1077D000484B00200CED00E04C4B002080B500AF82
:1077E000FBF796FC00F018F800F086F800F0F8F9C6
:1077F00000F058FA00F064F900F02AFAFFF70CF9EB
:1078000000F0E8F8FFF72CF900F086FD05F02AF902
:1078100005F03AF9FCE7000080B594B000AF07F13D
:1078200020033022002118460AF000FA07F10C0369
:1078300000221A605A609A60DA601A610023BB6005
:10784000284B1B6C274A43F080531364254B1B6C59
:1078500003F08053BB60BB6800237B60224B1B6836
:10786000214A43F4804313601F4B1B6803F4804399
:107870007B607B6802233B620123FB6210233B6336
:107880000223BB630023FB6308233B6454237B6414
:107890000223BB640423FB6407F120031846FAF7B4
:1078A00015F90346002B01D000F020F80F23FB60F0
:1078B00002233B6100237B614FF48053BB614FF493
:1078C0008053FB6107F10C0302211846FAF776FB9F
:1078D0000346002B01D000F009F800BF5037BD4629
:1078E00080BD00BF003802400070004080B400AF8F
:1078F00072B600BF00BFFDE780B58AB000AF07F1E8
:10790000140300221A605A609A60DA601A61002338
:107910003B612E4B1B6B2D4A43F0400313632B4BF3
:107920001B6B03F040033B613B690023FB60274B6B
:107930001B6B264A43F001031363244B1B6B03F0BC
:107940000103FB60FB680023BB60204B1B6B1F4ADD
:1079500043F0020313631D4B1B6B03F00203BB6078
:10796000BB6800237B60194B1B6B184A43F008036C
:107970001363164B1B6B03F008037B607B680023CB
:107980003B60124B1B6B114A43F0800313630F4B98
:107990001B6B03F080033B603B6800224FF4806167
:1079A0000B48FAF787FE4FF480637B610123BB61CC
:1079B0000023FB6100233B6207F1140319460448CE
:1079C000FAF7DCFC00BF2837BD4680BD0038024016
:1079D000001C024080B500AF204A14211020FFF7A0
:1079E00054F903461E4A13601E4A14211020FFF763
:1079F0004CF903461C4A13601C4A20210820FFF75B
:107A000044F903461A4A13601A4A00211A48FFF73C
:107A100062F80346194A1360194A00211948FFF712
:107A20005AF80346184A1360184A00211848FFF70D
:107A300052F80346174A1360174A00211748FFF708
:107A40004AF80346164A1360164A00211648FFF703
:107A500042F80346154A136000BF80BDDC450108AB
:107A6000644B0020F4450108684B00200C460108D7
:107A70006C4B002028450108B17A0008504B0020CB
:107A80004C450108CDC20008544B00207045010848
:107A9000CDB10008584B002094450108959100088D
:107AA0005C4B0020B8450108E18B0008604B0020CA
:107AB00080B582B000AF78600120FFF79EF8FBE749
:107AC00080B500AF184B194A1A60174B03225A6051
:107AD000154B00229A60144B4FF08072DA60124B03
:107AE0004FF4C0221A61104B4FF4A0025A610E4BA2
:107AF00000221A760C4B00225A760B4B01229A7602
:107B0000094B0122DA76084B00221A77064B002235
:107B10005A770548F9F70CF90346002B01D0FFF717
:107B2000E5FE00BF80BD00BF704B00200064004038
:107B300080B58AB000AF786007F1140300221A60A4
:107B40005A609A60DA601A617B681B68214A934226
:107B50003BD100233B61204B1B6C1F4A43F0007359
:107B600013641D4B1B6C03F000733B613B690023E6
:107B7000FB60194B1B6B184A43F008031363164B49
:107B80001B6B03F00803FB60FB6803237B6102238C
:107B9000BB610023FB6103233B6209237B6207F186
:107BA000140319460D48FAF7E9FB002205211420B9
:107BB000FBF777FA1420FBF790FA00220521152035
:107BC000FBF76FFA1520FBF788FA00BF2837BD4690
:107BD00080BD00BF0064004000380240000C02403D
:107BE00080B582B000AF00237B60184B1B6B174A37
:107BF00043F480031363154B1B6B03F480037B601A
:107C00007B68002205213920FBF74BFA3920FBF76E
:107C100064FA002205213A20FBF743FA3A20FBF7E9
:107C20005CFA002205214520FBF73BFA4520FBF7D3
:107C300054FA002205214620FBF733FA4620FBF7D1
:107C40004CFA00BF0837BD4680BD00BF0038024077
:107C500080B500AF114B124A1A60104B4FF4E1325D
:107C60005A600E4B00229A600C4B0022DA600B4BDC
:107C700000221A61094B0C225A61084B00229A61BA
:107C8000064B0022DA610548FBF7B4FA0346002BE5
:107C900001D0FFF72BFE00BF80BD00BF984B002036
:107CA0000010014080B500AF114B124A1A60104B12
:107CB0004FF4E1325A600E4B00229A600C4B0022C6
:107CC000DA600B4B00221A61094B0C225A61084BF7
:107CD00000229A61064B0022DA610548FBF78AFA16
:107CE0000346002B01D0FFF701FE00BF80BD00BF9F
:107CF000E04B00200014014080B58CB000AF7860EC
:107D000007F11C0300221A605A609A60DA601A6157
:107D10007B681B68594A934240F0C0800023BB61D6
:107D2000574B5B6C564A43F010035364544B5B6CE7
:107D300003F01003BB61BB6900237B61504B1B6BDD
:107D40004F4A43F0020313634D4B1B6B03F00203D6
:107D50007B617B6900233B61494B1B6B484A43F0C5
:107D600001031363464B1B6B03F001033B613B694B
:107D70008023FB6102233B6200237B620323BB62FF
:107D80000723FB6207F11C0319463E48FAF7F6FA8F
:107D90004FF40073FB6102233B6200237B620323E9
:107DA000BB620723FB6207F11C0319463648FAF74A
:107DB000E5FA364B364A1A60344B4FF000625A608F
:107DC000324B00229A60314B0022DA602F4B4FF485
:107DD00080621A612D4B00225A612C4B00229A615D
:107DE0002A4B0022DA61294B00221A62274B00221B
:107DF0005A622648FAF778FC0346002B01D0FFF7B9
:107E000075FD7B68214ADA63204A7B689363214BC6
:107E1000214A1A601F4B4FF000625A601D4B4022EE
:107E20009A601C4B0022DA601A4B4FF480621A6190
:107E3000184B00225A61174B00229A61154B002201
:107E4000DA61144B00221A62124B00225A62114866
:107E5000FAF74AFC0346002B01D0FFF747FD7B6889
:107E60000C4A9A630B4A7B68936300220521252004
:107E7000FBF717F92520FBF730F9A6E000100140C9
:107E8000003802400004024000000240284C00205C
:107E900040640240884C0020B86402407B681B6844
:107EA0004C4A934240F091800023FB604A4B5B6C4C
:107EB000494A43F020035364474B5B6C03F02003B3
:107EC000FB60FB680023BB60434B1B6B424A43F0E3
:107ED00040031363404B1B6B03F04003BB60BB6864
:107EE0004FF48443FB6102233B6200237B62032344
:107EF000BB620823FB6207F11C0319463748FAF7F7
:107F00003DFA374B374A1A60354B4FF020625A60C2
:107F1000334B40229A60324B0022DA60304B4FF4F0
:107F200080621A612E4B00225A612D4B00229A6109
:107F30002B4B0022DA612A4B00221A62284B0022C6
:107F40005A622748FAF7D0FB0346002B01D0FFF70F
:107F5000CDFC7B68224A9A63214A7B689363224B5B
:107F6000224A1A60204B4FF020625A601E4B0022BA
:107F70009A601D4B0022DA601B4B4FF480621A613D
:107F8000194B00225A61184B00229A61164B0022AD
:107F9000DA61154B00221A62134B00225A62124812
:107FA000FAF7A2FB0346002B01D0FFF79FFC7B688A
:107FB0000D4ADA630C4A7B6893630022052147204F
:107FC000FBF76FF84720FBF788F800BF3037BD4656
:107FD00080BD00BF0014014000380240001802407C
:107FE000E84C0020A0640240484D00202864024074
:107FF00080B400AF00BFFDE780B400AF00BFFDE775
:1080000080B400AF00BFFDE780B400AF00BFFDE764
:1080100080B400AF00BFFDE780B400AF00BFBD4635
:108020005DF8047B704780B500AFFBF7C3F8FEF73F
:1080300083F80346012B01D0FFF73EFB00BF80BD54
:1080400080B500AF0248F9F7DEFA00BF80BD00BF7F
:10805000704B002080B500AF0248F9F7D4FA00BF9A
:1080600080BD00BF704B002080B500AF0248FBF719
:108070000DFA00BF80BD00BF984B002080B500AF57
:108080000248FAF7C9FC00BF80BD00BF484D002080
:1080900080B500AF0248FAF7BFFC00BF80BD00BF4B
:1080A000284C002080B500AF0248FAF7B5FC00BFAD
:1080B00080BD00BFE84C002080B500AF0248FAF751
:1080C000ABFC00BF80BD00BF884C002080B500AF76
:1080D0000248FBF7DBF900BF80BD00BFE04B00208A
:1080E00080B582B000AF00237B60124B5B6C114AFD
:1080F00043F4804353640F4B5B6C03F480437B6019
:108100007B6800233B600B4B1B6C0A4A43F0805397
:108110001364084B1B6C03F080533B603B680022E8
:108120000F216FF00100FAF7BCFF00BF0837BD4612
:1081300080BD00BF0038024080B586B000AF7860D7
:10814000144A154BD31A7B617B693B61134B1B6847
:10815000002B02D1114B124A1A60104B1A687B682F
:1081600013443A699A4207D209F01CFE03460C22D6
:108170001A604FF0FF3309E0084B1B68FB60074BA8
:108180001A687B681344054A1360FB681846183761
:10819000BD4680BD0000022000040000A84D002064
:1081A000F85B002080B400AF01231846BD465DF89F
:1081B000047B704780B582B000AF7860396009F009
:1081C000F1FD034616221A604FF0FF3318460837B8
:1081D000BD4680BD80B582B000AF78604FF0FF3102
:1081E0007868FFF7E7FF00BFFDE780B586B000AF16
:1081F000F860B9607A6000237B610AE0AFF3008029
:108200000146BB685A1CBA60CAB21A707B69013356
:108210007B617A697B689A42F0DB7B681846183785
:10822000BD4680BD80B586B000AFF860B9607A60A9
:1082300000237B6109E0BB685A1CBA601B781846B2
:10824000AFF300807B6901337B617A697B689A4276
:10825000F1DB7B6818461837BD4680BD80B483B01B
:1082600000AF78604FF0FF3318460C37BD465DF81D
:10827000047B704780B483B000AF786039603B689E
:108280004FF400525A60002318460C37BD465DF883
:10829000047B704780B483B000AF78600123184638
:1082A0000C37BD465DF8047B704780B485B000AFE5
:1082B000F860B9607A60002318461437BD465DF84F
:1082C000047B7047DFF834D0F8F720FD0C480D49E7
:1082D0000D4A002302E0D458C4500433C4188C4221
:1082E000F9D30A4A0A4C002301E013600432A24287
:1082F000FBD309F05DFDFFF771FA70470000022023
:1083000000000020E0010020E44A0108E001002014
:10831000F85B0020FEE7000080B500AF01224FF4BB
:1083200080610248FAF7C6F900BF80BD001C024018
:1083300080B483B000AFEFF310833B603B687B6099
:1083400072B600BF7B6818460C37BD465DF8047BEB
:10835000704780B483B000AF78607B68002B01D198
:1083600062B600BF00BF0C37BD465DF8047B7047A6
:1083700080B485B000AF0346FB71124B1B889BB2E3
:1083800001339BB203F07F03FB810F4B1B889BB231
:10839000FA899A4203D10D4B01221A700CE0094B65
:1083A0001B889BB219460A4AFB795354054AFB893C
:1083B0001380084B01221A701437BD465DF8047B08
:1083C000704700BF304E0020324E0020344E002057
:1083D000B04D0020AD4D002080B582B000AFFFF75A
:1083E000A7FF7860274B1B78DBB2002B07D1264B09
:1083F0001B889AB2254B1B889BB29A4203D178689E
:10840000FFF7A7FF3AE0214B1B887B801E4B1B88A0
:108410009AB21E4B1B889BB29A4208D91A4B1B88F2
:108420009AB21A4B1B889BB2D31A9BB205E0174B2A
:108430001B889BB2C3F500639BB23B80144A3B8808
:108440001380104B01221A707868FFF782FF7B8837
:10845000104A13443A8819460F48FAF741FF034679
:10846000002B0BD0FFF764FF7860064B00221A70D8
:10847000074B00221A807868FFF76BFF0837BD466C
:1084800080BD00BF3E560020385600203A560020DE
:108490003C560020384E0020E04B002080B586B0CE
:1084A00000AF0346FB710023FB75FFF741FF386106
:1084B000144B1B889BB201339BB2C3F30A03FB81AD
:1084C000114B1B889BB2FA899A4205D10F4B0122AE
:1084D0001A700123FB7509E00A4B1B889BB21946F1
:1084E0000B4AFB795354074AFB8913803869FFF71D
:1084F00030FFFB7D002B01D1FFF76EFF00BF183767
:10850000BD4680BD385600203A5600203F56002018
:10851000384E002080B500AF104B00221A80104B5F
:1085200000221A800F4B00221A700F4B00221A7083
:108530000E4B00221A800E4B00221A800D4B002297
:108540001A800D4B00221A700C4B00221A70012267
:108550000B490C48FAF79EFE00BF80BD304E00204C
:10856000324E0020AD4D0020344E00203856002001
:108570003A5600203C5600203E5600203F56002030
:10858000AC4D0020E04B002080B582B000AF034628
:10859000FB71FB791846FFF781FF00BF0837BD4626
:1085A00080BD80B584B000AF78607B68002B13D0AD
:1085B0000023FB8109E0FB897A6813441B78184685
:1085C000FFF7E2FFFB890133FB81FB897A681344E3
:1085D0001B78002BEFD100E000BF1037BD4680BDF7
:1085E0000FB480B5A2B000AFD7F89030002B10D0F8
:1085F00007F194037B6007F108007B68D7F89020AF
:10860000802109F005FB07F108031846FFF7C9FFB1
:1086100000E000BF8837BD46BDE8804004B0704729
:1086200080B584B000AF78600023FB737B68002BBB
:1086300001D1002330E0FFF77BFEB860184B1B88A8
:108640009AB2184B1B889BB29A4214D0154B1B88C8
:108650009BB21A46144B9B5CDAB27B681A70114BC2
:108660001B889BB201339BB203F07F039AB20D4B80
:108670001A800123FB730A4B1B889AB2094B1B8893
:108680009BB29A4201D0012200E00022074B1A70EF
:10869000B868FFF75EFEFB7B18461037BD4680BD0D
:1086A000304E0020324E0020B04D0020AD4D002055
:1086B00080B400AF034B1B78DBB21846BD465DF8B3
:1086C000047B7047344E002080B400AF034B00227F
:1086D0001A7000BFBD465DF8047B7047344E002021
:1086E00080B584B000AF78607B681B68114A934204
:1086F0001BD1FFF71DFEF8600F4B1B889AB20F4B82
:108700001B889BB213449BB2C3F30A039AB20A4B71
:108710001A800A4B00221A80094B00221A70F8684E
:10872000FFF717FEFFF758FE00E000BF1037BD4609
:1087300080BD00BF001401403A5600203C56002086
:108740003E56002080B584B000AF78607B681B681F
:108750000C4A934212D17B68002283F84020FFF735
:10876000E7FDF860084B00221A80084B00221A70BF
:10877000F868FFF7EEFDFFF72FFE00E000BF1037AF
:10878000BD4680BD001401403C5600203E560020EE
:1087900080B582B000AF78607B681B68084A93425E
:1087A00009D1084B1B781846FFF7E2FD0122054965
:1087B0000548FAF76FFD00BF0837BD4680BD00BF12
:1087C00000140140AC4D0020E04B002080B400AF0D
:1087D00000231846BD465DF8047B704780B58AB01B
:1087E00000AF78600B46FB7013463B80364AFB783F
:1087F0001370364A3B88138001233B6200233B61A0
:1088000000237B617B681B7D03F58063BB607B6815
:108810001B7D03F58063FB6000233B770323BB6173
:108820007B6800221A617B68586A07F1200307F110
:108830000801254AF8F79AFC03461A467B68DA6075
:108840007B685B6A1846F9F735F902467B685A601F
:108850007B685B6A1846F8F759FD02467B689A60A8
:108860007B68DB68002B2BD1194B7B6200BF7B68D8
:108870005B6A1846F8F74AFD0346002B06D17B6A6F
:108880005A1E7A62002B01D0012300E00023002B46
:10889000EDD17B685B6A1846F8F738FD02467B68C5
:1088A0009A607B685B6A1846F9F704F902467B68B0
:1088B0005A607B6A002B04D17B6801221A6100E0B8
:1088C00000BF2837BD4680BD4056002041560020DD
:1088D000A086010080B483B000AF786039603B6847
:1088E0001B7803F00103002B14BF01230023DAB22D
:1088F0007B681A703B680233B3F9003007EE903A98
:10890000F8EEE77AB2EE047A27EE877ADFED196A9D
:10891000C7EE267A7B68C3ED087A3B680433B3F967
:10892000003007EE903AF8EEE77A9FED137A27EEE3
:10893000877ADFED106AC7EE267A7B68C3ED067A88
:108940003B6806331B885B0007EE903AF8EEE77A47
:108950009FED0A7A27EE877ADFED096AC7EE267A5D
:108960007B68C3ED077A00BF0C37BD465DF8047B1A
:10897000704700BF00FEFF4600007A44DB0F49400D
:1089800000FF7F4780B582B000AF786000220021F1
:108990007868FFF723FF00BF0837BD4680BD0000A1
:1089A00080B584B000AF786087ED000A134BBB60E0
:1089B000134BFB6007F10C0207F108013B46184618
:1089C00000F022F803461B683B6097ED007AF2EE58
:1089D000046AC7EE267A9FED0B7A67EE877AFDEE82
:1089E000E77A17EE903A1BB21A4603217868FFF730
:1089F000F5FE00BF1037BD4680BD00BF000020C19E
:108A00000000204100FEFF4680B584B000AFF86052
:108A1000B9607A60FFF7DAFE0346002B0CD07B6862
:108A200093ED007ABB68D3ED007AB4EEE77AF1EE0D
:108A300010FA01D5012300E00023002BB968F86883
:108A400000F00AF803467968184600F01EF803465D
:108A500018461037BD4680BD80B483B000AF786043
:108A600039607B6893ED007A3B68D3ED007AB4EE11
:108A7000E77AF1EE10FA01D53B6800E07B68184612
:108A80000C37BD465DF8047B704780B483B000AFFF
:108A9000786039603B6893ED007A7B68D3ED007AAB
:108AA000B4EEE77AF1EE10FA01D53B6800E07B689E
:108AB00018460C37BD465DF8047B704780B58AB018
:108AC00000AF7860786800F03BF81C4B1B68002B07
:108AD0002ED01A4B1868002300227968FEF748F957
:108AE0000346002B0CBF01230023DBB2002B21D156
:108AF00007F1080320220021184609F097F800BF6B
:108B00000E4B186807F1080100230022FEF790F9C8
:108B10000346002B0CBF01230023DBB2002BEFD157
:108B2000064B1868002300227968FEF721F902E05D
:108B300000BF00E000BF2837BD4680BD6C4B002061
:108B4000B0B582B000AF78607B68002B11D0FEF723
:108B500023FD0A4A7B6814461D460FCD0FC495E8D5
:108B60000F0084E80F00064B01221A70FEF746FD45
:108B700000E000BF0837BD46B0BD00BF445600202E
:108B800064560020B0B584B000AF78607B68002BDD
:108B900001D100231BE00023FB73FEF7FDFC0E4B0D
:108BA0001B78FB73FB7B002B09D07B680B4A1C46B0
:108BB00015460FCD0FC495E80F0084E80F00FEF7AF
:108BC0001DFDFB7B002B01D0012300E00023184694
:108BD0001037BD46B0BD00BF64560020445600208B
:108BE00080B590B000AF786002E00120FEF705F894
:108BF000224B1B68002BF8D0FDF758FFF86307F1F4
:108C0000280300221A605A609A60DA601A6107F13C
:108C100028030021184600F087FA0346002B05D0F0
:108C200007F128031946164805F0A0FC07F10803D0
:108C300020220021184608F0F9FFFDF737FF014612
:108C400007F108031A460E4805F083FF0346002B80
:108C500005D007F108031846FFF730FF04E007F1DD
:108C600008031846FFF76CFFFB6B02331846FDF74D
:108C7000DFFFFB6B0233FB63C1E700BF6C4B0020DF
:108C8000B857002080B483B000AF87ED010AD7ED5C
:108C9000017AF0EEE77A9FED0C7AF4EE477AF1EE86
:108CA00010FA8CBF01230023DBB283F00103DBB297
:108CB000002B14BF01230023DBB218460C37BD463E
:108CC0005DF8047B704700BFFFFF7F7F80B582B0F7
:108CD00000AF87ED010A97ED010A07F0D1FD0346C9
:108CE00018460837BD4680BD80B483B000AF034648
:108CF000FB71FB795B00DBB223F05503DAB2FB7941
:108D00005B08DBB203F05503DBB21343FB71FB7965
:108D10009B00DBB223F03303DAB2FB799B08DBB2B2
:108D200003F03303DBB21343FB71FB791A01DBB2AF
:108D30001B091343FB71FB7918460C37BD465DF8E0
:108D4000047B704780B586B000AFF860B96011460B
:108D50001A460B46FB711346BB71BB79FB752EE0BF
:108D600097F82430002B08D0FB685A1CFA601B7857
:108D70001846FFF7B9FF034603E0FB685A1CFA6088
:108D80001B78FA7D5340FB750023BB7514E097F9FF
:108D90001730002B09DA97F917305B005AB297F9B0
:108DA000073053405BB2DBB202E0FB7D5B00DBB21D
:108DB000FB75BB7D0133BB75BB7D072BE7D9BB685A
:108DC0005A1EBA60002B14BF01230023DBB2002B14
:108DD000C6D1FA7D97F820305340FB7597F82830BC
:108DE000002B05D0FB7D1846FFF77EFF034600E011
:108DF000FB7D18461837BD4680BD000080B500AF2A
:108E0000122200210D4808F011FF12220B490C48D4
:108E1000FAF7E2FA0346002B0CBF01230023DBB272
:108E2000002B09D0064BDB6B1B681A68044BDB6B0D
:108E30001B6822F008021A6000BF80BD685600203F
:108E4000984B002080B588B004AF03463960FB80A2
:108E50003B68002B02D0FB88122B01D0002340E09E
:108E6000224BFB6000230293002301930023009315
:108E70000023072211211D48FFF764FF0346FB7200
:108E8000FB681B78A52B08D1FB685B78072B04D106
:108E9000FB685B7CFA7A9A4201D0002321E0FB68F0
:108EA000D3F805203B681A60FB68D3F809203B68BB
:108EB0005A60FB689B7803F00103DAB23B681A72D0
:108EC000FB68B3F803309AB23B685A81FB68D3F869
:108ED0000D203B68DA60FAF781F902463B681A61B7
:108EE000012318461037BD4680BD00BF68560020DC
:108EF000B0B582B000AF7860FEF74EFB084A7B68E1
:108F000014461D460FCD0FC42B682360054B01226C
:108F10001A70FEF773FB00BF0837BD46B0BD00BF37
:108F20009C560020B056002080B584B000AF786019
:108F30000023FB73FEF730FB0C4B1B78002B0BD090
:108F40000B4B1B7A002B07D0094B1B697A68D31A8D
:108F5000642B01D8012300E00023FB73FEF74EFBD6
:108F6000FB7B18461037BD4680BD00BFB0560020C1
:108F70009C56002080B582B000AF87ED010AC7ED96
:108F8000000A97ED010AFFF77DFE034683F0010317
:108F9000DBB2002B01D000230BE097ED017AD7ED77
:108FA000007A67EE277AB0EE670AFFF78FFE034676
:108FB00000BF18460837BD4680BD000080B588B0A8
:108FC00004AF514B1B78DBB2002B40F09980FAF7CD
:108FD00005F9B8600023FB734C4B5B78002B03D082
:108FE000FB7B43F00103FB73484B9B78002B03D0C2
:108FF000FB7B43F00203FB73B868FFF795FF034662
:10900000002B03D0FB7B43F00403FB733F4BD3EDFA
:10901000017A9FED3F7A67EE877AC7ED017A3B4B85
:10902000D3ED037AB1EE087A67EE877AC7ED007A5E
:10903000384B5A221A70374B84225A70354AFB7BC0
:109040009370354B1B885A1C91B2334A1180314AB8
:10905000A2F80330DFED310A97ED010AFFF78AFF2E
:1090600003462C4AC2F80530DFED2C0A97ED010AC1
:10907000FFF780FF0346274AC2F80930DFED270AD1
:1090800097ED000AFFF776FF0346224AC2F80D303B
:109090001E4BD3ED047ADFED220AB0EE670AFFF72C
:1090A00069FF03461B4AC2F811301A4ABB68C2F86E
:1090B0001530184B00225A760023029300230193A7
:1090C00000230093002307221A211248FFF73AFEDB
:1090D00003461A460F4B9A760B4B01221A701B223D
:1090E0000C491048FAF7FCF80346002B14BF012383
:1090F0000023DBB2002B04D0034B00221A7000E0E7
:1091000000BF1037BD4680BD97560020B8570020DD
:10911000E12E65427C560020985600200000C8428F
:1091200000007A44984B0020B0B584B000AF78605E
:1091300039607B68002B01D1002323E0FAF74EF859
:10914000B8600023FB73FEF727FA104B1B78002B47
:1091500015D07B680E4A1C4615460FCD0FC42B68F0
:1091600023603B68002B06D0094B1B69BA68D31AF1
:109170003A689A4201D3012300E00023FB73FEF713
:109180003DFAFB7B18461037BD46B0BDB0560020F7
:109190009C56002080B58AB000AF786002E00120C4
:1091A000FDF72BFD1B4B1B68002BF8D0FFF726FEAD
:1091B000FAF714F8786207F10C0300221A605A607B
:1091C0009A60DA601A6104E007F10C031846FFF7B1
:1091D0008FFE104B186807F10C0100230022FDF7E9
:1091E00027FE0346002B0CBF01230023DBB2002B1C
:1091F000EAD1F9F7F3FF38623A6A7B6AD31A132B84
:1092000003D9FFF7DBFE3B6A7B620120FDF7F5FC2B
:10921000D9E700BF684B002080B588B000AF786008
:109220000B467B807B681D4A934232D107F10C03C9
:1092300000221A605A609A60DA601A61184B1B6843
:10924000002B0BD007F10C027B8811461846FFF764
:10925000F9FD0346002B01D0012300E00023002B81
:1092600015D00023BB600E4B186807F1080207F108
:109270000C010023FBF734FDBB68002B07D0094B22
:109280004FF080521A60BFF34F8FBFF36F8FFFF71D
:10929000B5FD00BF2037BD4680BD00BF984B002004
:1092A000684B002004ED00E080B582B000AF78602C
:1092B0007B68064A934202D1054B00221A707868F7
:1092C000FFF70EFA00BF0837BD4680BD984B00205F
:1092D0009756002080B582B000AF78607B68094A5D
:1092E000934208D17B68002283F84020064B00227D
:1092F0001A70FFF783FD7868FFF724FA00BF08377C
:10930000BD4680BD984B00209756002080B483B0A6
:1093100000AF78607B6893F8BD3018460C37BD46C7
:109320005DF8047B704780B483B000AF78607B68E1
:1093300093F8BD30002B14BF01230023DBB2184685
:109340000C37BD465DF8047B704780B483B000AF36
:1093500078607B68D3F8D03007EE903AB0EE670AB9
:109360000C37BD465DF8047B704780B483B000AF16
:1093700078607B68D3F8183207EE903AB0EE670A4F
:109380000C37BD465DF8047B704780B483B000AFF6
:1093900078607B68D3F8203207EE903AB0EE670A27
:1093A0000C37BD465DF8047B704780B483B000AFD6
:1093B00078607B68D3F8803207EE903AB0EE670AA7
:1093C0000C37BD465DF8047B704780B483B000AFB6
:1093D00078607B68D3F8843207EE903AB0EE670A83
:1093E0000C37BD465DF8047B704780B483B000AF96
:1093F00078607B68D3F8BC3207EE903AB0EE670A2B
:109400000C37BD465DF8047B704780B483B000AF75
:1094100078607B68D3F8B83107EE903AB0EE670A0F
:109420000C37BD465DF8047B704780B483B000AF55
:1094300078607B68D3F8A83107EE903AB0EE670AFF
:109440000C37BD465DF8047B704780B483B000AF35
:1094500078607B6893F8BC3118460C37BD465DF8E0
:10946000047B704780B483B000AF78607B6893F86A
:10947000BD3118460C37BD465DF8047B704780B49B
:1094800083B000AF78607B6893F8BE3118460C3724
:10949000BD465DF8047B704780B483B000AF786050
:1094A0007B6893F8BF3118460C37BD465DF8047BE6
:1094B000704780B483B000AF78607B6893F85A310E
:1094C00018460C37BD465DF8047B704780B483B006
:1094D00000AF78607B68B3F8C03018460C37BD46E3
:1094E0005DF8047B704780B483B000AF78607B6820
:1094F000D3F8C83018460C37BD465DF8047B70477A
:1095000080B500AF0349002008F0AAFB03461846C7
:1095100080BD00BF003F010880B584B000AF786017
:1095200039607B68002B02D03B68002B01D10023FF
:1095300017E00023BB6007F108031946786808F0BC
:10954000D3F987ED030ABB687A689A4203D0BB68F7
:109550001B78002B01D0002303E03B68FA681A60F7
:10956000012318461037BD4680BD80B584B000AFDA
:10957000F860B9607A60FFF7C3FF0346F9681846E0
:10958000FFF7CAFF0346002B15D0FFF7B9FF0346CC
:10959000B9681846FFF7C0FF0346002B0BD0FFF752
:1095A000AFFF034679681846FFF7B6FF0346002B66
:1095B00001D0012300E0002318461037BD4680BDCE
:1095C00080B584B000AFF860B9607A603B607A68BB
:1095D000B968F868FFF7C9FF0346002B0BD0FFF707
:1095E0008FFF034639681846FFF796FF0346002BA6
:1095F00001D0012300E0002318461037BD4680BD8E
:1096000080B586B000AFF860B9607A603B607A6878
:10961000B968F868FFF7A9FF034683F00103DBB2DE
:10962000002B01D0002311E0FFF76AFF78617B690E
:10963000002B05D13B684FF000021A60012305E0C2
:1096400039687869FFF768FF034600BF1846183786
:10965000BD4680BD80B588B002AFF86087ED020AD4
:10966000796097ED020AFFF70DFB034683F00103D3
:10967000DBB2002B05D07A68F9681B48FEF7B0FF13
:109680002FE0D7ED027A9FED197A67EE877AB0EE78
:10969000670AFFF71BFB7861154B3B617B69002B69
:1096A00004DA144B3B617B695B427B617B69124A44
:1096B00082FB03125211DB17D01A7A690E4B83FB1F
:1096C00002135911D317CB1A642101FB03F3D31AE8
:1096D0007A680192009303463A69F9680748FEF7F1
:1096E0007FFF1837BD4680BD043F01080000C84217
:1096F000103F0108143F01081F85EB51183F010876
:109700002DE9F04190B004AF3B1D20220021184606
:1097100008F08CFA3B1D1846FFF734FA0346002B7D
:1097200014BF0123002387F82F3097F82F3083F0E0
:109730000103DBB2002B3AD06348FFF716FEF0EED0
:10974000407AC7ED017A6048FFF71FFEF0EE407ADD
:10975000C7ED027A5C48FFF728FEF0EE407AC7EDCD
:10976000037A5948FFF721FEF0EE407AC7ED047AFC
:109770005548FFF72AFEF0EE407AC7ED057A002340
:109780003B765148FFF7A2FE03467B83F9F726FD9F
:10979000B8624D48FFF7A7FE78627B6A002B03D0C2
:1097A000BA6A7B6AD31A01E042F20F733B623B69EB
:1097B000464A1360464B01221A70D7ED047A454998
:1097C000B0EE670A4448FFF745FF3F48FFF7BDFD8D
:1097D000F0EE407A3F49B0EE670A3F48FFF73AFFA4
:1097E000D7ED057A3B49B0EE670A3B48FFF732FFF9
:1097F000354BD3ED017A9FED397A67EE877A35499B
:10980000B0EE670A3448FFF725FF2F48FFF7EDFD5C
:10981000F0EE407A9FED317A67EE877A2D49B0EE0F
:10982000670A2D48FFF716FF2748FFF7EEFDF0EE19
:10983000407A2849B0EE670A2748FFF70BFF224815
:10984000FFF7F3FDF0EE407A2249B0EE670A2248B6
:10985000FFF700FF1C48FFF7F8FD0346002B01D07F
:10986000012500E000251848FFF7FCFD0346002B0A
:1098700001D0012600E000261348FFF700FE034652
:10988000002B02D04FF0010801E04FF000080E4815
:10989000FFF702FE0346002B01D0012400E0002464
:1098A0000948FFF706FE03461A463B6A02930192F7
:1098B00000944346324629460948FEF791FE00BF10
:1098C0003037BD46BDE8F081B85700202057002052
:1098D00024570020283F0108103F0108E12E65426F
:1098E0002C3F01082DE9F04198B008AFF8600B4615
:1098F000FB7207F1140320220021184608F096F9A4
:1099000007F114031846FFF73DF90346002B14BF77
:109910000123002387F83F30F9F760FCB863FB7A36
:10992000002B04D0FB681B69BA6BD31A01E042F22A
:109930000F737B63FB7A002B03D0FB685B8998462F
:1099400001E04FF00008FB7A002B02D0FB68DD68D5
:1099500000E00025FB7A002B05D0FB681B7A002B6A
:1099600001D0012600E00026FB7A002B02D0FB6824
:109970001C6800E0002497F83F30002B06D097F8D1
:109980002830002B02D001237B6001E000237B60A4
:1099900097F83F30002B02D0D7ED087A01E0DFEDD9
:1099A0001D7A9FED1D7A67EE877AB0EE670AFFF7A2
:1099B0008DF9386097F83F30002B02D0D7ED097A47
:1099C00001E0DFED147A9FED147A67EE877AB0EE4E
:1099D000670AFFF77BF9024697F83F30002B01D06A
:1099E0003B6B01E042F20F73069305923B680493D0
:1099F0007B68039302947B6B019300962B4642464F
:109A0000B96B0648FEF7ECFD00BF4037BD46BDE828
:109A1000F08100BF000000000000C842443F010880
:109A200080B58CB000AF034687ED040AC7ED030A8A
:109A300087ED021AC7ED011AFB75134B1B68002B4B
:109A40001DD0FB7D3B773B693B62FB687B62BB685B
:109A5000BB627B68FB620C4B186807F11C01142386
:109A60000022FDF785F90346002B14BF01230023D4
:109A7000DBB2002B04D00548FEF7B2FD00E000BFCA
:109A80003037BD4680BD00BF644B0020703F0108E9
:109A9000B0B5DAB000AF07F5B473A3F5B2731860D0
:109AA00007F5B473A3F5B273C949186808F0D8F87C
:109AB000C7F86401D7F86431002B01F01883C54959
:109AC000D7F86401F6F762FD0346002B07D0C249C0
:109AD000D7F86401F6F75AFD0346002B0CD1DFEDF1
:109AE000BF1A9FEDBE1ADFEDBD0A9FEDBC0A012033
:109AF000FFF796FF01F004BBB949D7F86401F6F708
:109B000045FD0346002B07D0B649D7F86401F6F7A8
:109B10003DFD0346002B10D1B34B4FF000021A60FD
:109B2000DFEDAE1A9FEDAD1ADFEDAC0A9FEDAB0A8B
:109B30000220FFF775FF01F0E3BAAC49D7F86401E2
:109B4000F6F724FD0346002B0CD1DFEDA41A9FEDA0
:109B5000A31ADFEDA20A9FEDA10A0320FFF760FF21
:109B600001F0CEBAA249D7F86401F6F70FFD03461B
:109B7000002B10D19C4B4FF000021A60DFED971ABA
:109B80009FED961ADFED950A9FED940A0420FFF7EA
:109B900047FF01F0B5BA9749D7F86401F6F7F6FC2C
:109BA0000346002B07D09449D7F86401F6F7EEFC82
:109BB0000346002B24D14FF00003C7F84431FFF7D0
:109BC0009FFC024607F5A27319461046FFF7A4FC56
:109BD0000346002B01F08D82D7F84431824A13608E
:109BE000814BD3ED007ADFED7D1A9FED7C1ADFED1E
:109BF0007B0AB0EE670A0520FFF712FF01F079BA81
:109C00007E49D7F86401F6F7C1FC0346002B1AD150
:109C1000754B93ED007A7A4BD3ED007A77EE277A85
:109C2000714BC3ED007A704BD3ED007ADFED6B1A08
:109C30009FED6A1ADFED690AB0EE670A0520FFF7AB
:109C4000EFFE01F05DBA6F49D7F86401F6F79EFCAC
:109C50000346002B1AD1644B93ED007A684BD3ED89
:109C6000007A77EE677A604BC3ED007A5E4BD3EDF6
:109C7000007ADFED5A1A9FED591ADFED580AB0EE5F
:109C8000670A0520FFF7CCFE01F03ABA5E49D7F823
:109C90006401F6F77BFC0346002B07D05B49D7F83D
:109CA0006401F6F773FC0346002B10D14E4B4FF0C6
:109CB00000021A60DFED491A9FED481ADFED470AEE
:109CC0009FED460A0520FFF7ABFE01F019BA504997
:109CD000D7F86401F6F75AFC0346002B1FD14FF06A
:109CE0000003C7F84031FFF70BFC024607F5A073ED
:109CF00019461046FFF710FC0346002B01F00082C6
:109D0000D7ED507ADFED351A9FED341ADFED330AC7
:109D1000B0EE670A0620FFF783FE01F0F1B93D4976
:109D2000D7F86401F6F732FC0346002B23D14FF03D
:109D30000003C7F83C31FFF7E3FB024607F59E73CB
:109D400019461046FFF7E8FB0346002B01F0D881C7
:109D5000D7ED4F7A9FED307A67EE877ADFED1F1AE5
:109D60009FED1E1ADFED1D0AB0EE670A0720FFF710
:109D700057FE01F0C5B92949D7F86401F6F706FC8A
:109D80000346002B4CD14FF00003C7F83831FFF7E2
:109D9000B7FB024607F59C7319461046FFF7BCFB5C
:109DA0000346002B01F0AC81D7ED4E7A9FED1A7A75
:109DB00067EE877ADFED091A9FED081ADFED070AD3
:109DC000B0EE670A0820FFF72BFE01F099B900BF3B
:109DD000003F01088C3F0108943F0108000000008B
:109DE000983F0108A03F010818570020A43F010830
:109DF000AC3F0108B43F0108BC3F0108C03F010867
:109E000010000020143F0108C43F0108CC3F0108A6
:109E1000D03F0108D83F010835FA8E3CE03F0108E9
:109E2000D649D7F86401F6F7B1FB0346002B1FD1E2
:109E30004FF00003C7F83431FFF762FB024607F525
:109E40009A7319461046FFF767FB0346002B01F093
:109E50005781D7ED4D7ADFEDCA1A9FEDC91ADFEDB4
:109E6000C80AB0EE670A0920FFF7DAFD01F048B929
:109E7000C449D7F86401F6F789FB0346002B2BD1C0
:109E80004FF00003C7F830314FF00003C7F82C3112
:109E90004FF00003C7F8283107F5947207F5967163
:109EA00007F598731846FFF760FB0346002B01F097
:109EB0002781D7ED4C7A97ED4B7AD7ED4A6ADFEDE3
:109EC000B01AB0EE661AF0EE470AB0EE670A0A2042
:109ED000FFF7A6FD01F014B9AB49D7F86401F6F716
:109EE00055FB0346002B2BD14FF00003C7F824315C
:109EF0004FF00003C7F820314FF00003C7F81C31C2
:109F000007F58E7207F5907107F592731846FFF703
:109F10002CFB0346002B01F0F380D7ED497A97ED37
:109F2000487AD7ED476ADFED961AB0EE661AF0EE82
:109F3000470AB0EE670A0B20FFF772FD01F0E0B8A8
:109F40009249D7F86401F6F721FB0346002B1FD195
:109F50004FF00003C7F81831FFF7D2FA024607F5B1
:109F60008C7319461046FFF7D7FA0346002B01F011
:109F7000C780D7ED467ADFED821A9FED811ADFEDBB
:109F8000800AB0EE670A0C20FFF74AFD01F0B8B86E
:109F90007F49D7F86401F6F7F9FA0346002B59D147
:109FA000FFF7AEFAC7F84801D7F84831002B14D0B4
:109FB0007849D7F84801F6F7E9FA0346002B0CD1A7
:109FC000DFED6F1A9FED6E1ADFED6D0A9FED6C0AE3
:109FD0000E20FFF725FD01F093B84FF00003C7F8FE
:109FE00014314FF00003C7F8103107F58A73194692
:109FF000D7F84801FFF790FA0346002B0DD0FFF782
:10A000007FFA024607F5887319461046FFF784FA6F
:10A010000346002B01D0012300E00023002B01F0B8
:10A020006F80D7ED457A9FED5C7A27EE877AD7ED82
:10A03000447ADFED596A67EEA67ADFED511A9FED9B
:10A04000501AF0EE670AB0EE470A0D20FFF7E8FC61
:10A0500001F056B85149D7F86401F6F797FA03466C
:10A06000002B23D14FF00003C7F80C31FFF748FA5B
:10A07000024607F5867319461046FFF74DFA034668
:10A08000002B01F03D80D7ED437A9FED437A67EED8
:10A09000877ADFED3B1A9FED3A1ADFED390AB0EE11
:10A0A000670A0F20FFF7BCFC01F02AB83C49D7F83B
:10A0B0006401F6F76BFA0346002B1FD14FF0000343
:10A0C000C7F80831FFF71CFA024607F584731946F2
:10A0D0001046FFF721FA0346002B01F01180D7ED5F
:10A0E000427ADFED271A9FED261ADFED250AB0EE42
:10A0F000670A1020FFF794FC01F002B82949D7F84D
:10A100006401F6F743FA0346002B4FD1FFF7F8F945
:10A11000C7F84C01D7F84C31002B14D02249D7F89E
:10A120004C01F6F733FA0346002B0CD1DFED141A7D
:10A130009FED131ADFED120A9FED110A1120FFF7B0
:10A140006FFC00F0DDBFD7F84C31002B00F0D88752
:10A150001049D7F84C01F6F719FA0346002B40F0E6
:10A16000CF87DFED071A9FED061ADFED050A9FED99
:10A17000040A1220FFF754FC00F0C2BFE83F0108B8
:10A1800000000000F43F0108FC3F01080440010802
:10A190000C4001081440010835FA8E3C18400108B3
:10A1A000204001082840010830400108D749D7F86D
:10A1B0006401F6F7EBF90346002B1FD14FF00003C3
:10A1C000C7F80431FFF79CF9024607F58273194678
:10A1D0001046FFF7A1F90346002B00F09187D7ED59
:10A1E000417ADFEDD91A9FEDD81ADFEDD70AB0EE2C
:10A1F000670A1320FFF714FC00F082BFC449D7F8A8
:10A200006401F6F7C3F90346002B5FD14FF000035A
:10A21000C7F800314FF00003C7F8FC304FF07C5313
:10A22000C7F8F830BB4BC7F8F430FFF769F90246BE
:10A2300007F5807319461046FFF76EF90346002BA9
:10A240000DD0FFF75DF9024607F1FC0319461046F1
:10A25000FFF762F90346002B01D0012300E0002341
:10A26000002B00F04D87FFF74BF9C7F85401D7F8E2
:10A270005431002B15D007F1F8031946D7F85401D3
:10A28000FFF74AF9FFF73CF9C7F85001D7F850310A
:10A29000002B06D007F1F4031946D7F85001FFF759
:10A2A0003BF9D7ED407A97ED3F7AD7ED3E6A97EDCF
:10A2B0003D6AF0EE461AB0EE661AF0EE470AB0EECE
:10A2C000670A1420FFF7ACFB00F01ABF9249D7F8D9
:10A2D0006401F6F75BF90346002B7DD1FFF710F917
:10A2E000C7F85801D7F85831002B14D08B49D7F84C
:10A2F0005801F6F74BF90346002B0CD1DFED921A0B
:10A300009FED911ADFED900A9FED8F0A1620FFF75F
:10A3100087FB00F0F5BED7F85831002B14D08049E8
:10A32000D7F85801F6F732F90346002B0CD1DFEDD0
:10A33000861A9FED851ADFED840AB7EE000A152014
:10A34000FFF76EFB00F0DCBED7F85831002B1CD0B5
:10A350007449D7F85801F6F719F90346002B07D0CE
:10A360007149D7F85801F6F711F90346002B0CD1C3
:10A37000DFED751A9FED741ADFED730A9FED720A17
:10A380001720FFF74DFB00F0BBBED7F85831002B6C
:10A3900000F0B6866549D7F85801F6F7F7F8034696
:10A3A000002B40F0AD866248FEF7B0FF03461D4625
:10A3B0005F48FEF7B8FF0346002B01D0012400E000
:10A3C00000245B48FFF775F80346224629465948A2
:10A3D000FEF706F900F094BE5749D7F86401F6F786
:10A3E000D5F80346002B0CD1DFED571A9FED561A16
:10A3F000DFED550AB7EE000A1520FFF711FB00F05C
:10A400007FBE4E49D7F86401F6F7C0F80346002B2B
:10A4100023D14FF00003C7F8F030FFF771F8024680
:10A4200007F1F00319461046FFF776F80346002BB4
:10A4300000F06686D7ED3C7A9FED417A67EE877A29
:10A44000DFED411A9FED401ADFED3F0AB0EE670ADB
:10A450001820FFF7E5FA00F053BE3A49D7F8640137
:10A46000F6F794F80346002B40F081804FF000038C
:10A47000C7F8EC304FF00003C7F8E8304FF00003A6
:10A48000C7F8E430FFF73CF8024607F1EC03194641
:10A490001046FFF741F80346002B0DD0FFF730F8C8
:10A4A000024607F1E80319461046FFF735F8034660
:10A4B000002B01D0012300E00023002B00F02086B8
:10A4C000FFF71EF8C7F85C01D7F85C31002B3DD0D0
:10A4D00007F1E4031946D7F85C01FFF71DF80346BE
:10A4E000002B00F00D86D7ED3B7A97ED3A7AD7ED49
:10A4F000396ADFED151AB0EE661AF0EE470AB0EED3
:10A50000670A1920FFF78CFA00F0FABD3440010801
:10A51000384001089A99193F404001084840010815
:10A5200050400108AC3F0108CC3F010854400108ED
:10A53000B85700205C4001087C40010884400108B5
:10A5400035FA8E3C8840010800000000D7ED3B7AC8
:10A5500097ED3A7A5FED041AB0EE471A5FED060AFE
:10A56000B0EE670A1920FFF75BFA00F0C9BDE549B4
:10A57000D7F86401F6F70AF80346002B1FD14FF015
:10A580000003C7F8E030FEF7BBFF024607F1E00327
:10A5900019461046FEF7C0FF0346002B00F0B085B9
:10A5A000D7ED387ADFEDE01A9FEDDF1ADFEDDE0A36
:10A5B000B0EE670A1A20FFF733FA00F0A1BDD249C6
:10A5C000D7F86401F5F7E2FF0346002B36D14FF0D0
:10A5D0000003C7F8DC304FF00003C7F8D830FEF7AF
:10A5E0008FFF024607F1DC0319461046FEF794FF81
:10A5F0000346002B0DD0FEF783FF024607F1D80378
:10A6000019461046FEF788FF0346002B01D00123B0
:10A6100000E00023002B00F07385D7ED377A97ED2B
:10A62000367ADFEDC11A9FEDC01AF0EE470AB0EEA0
:10A63000670A1B20FFF7F4F900F062BDB349D7F8B1
:10A640006401F5F7A3FF0346002B2BD14FF0000365
:10A65000C7F8D4304FF00003C7F8D0304FF00003F4
:10A66000C7F8CC3007F1CC0207F1D00107F1D403D1
:10A670001846FEF77AFF0346002B00F04185D7ED20
:10A68000357A97ED347AD7ED336ADFEDA71AB0EE5D
:10A69000661AF0EE470AB0EE670A1C20FFF7C0F911
:10A6A00000F02EBD9A49D7F86401F5F76FFF034615
:10A6B000002B2BD14FF00003C7F8C8304FF0000338
:10A6C000C7F8C4304FF00003C7F8C03007F1C0022C
:10A6D00007F1C40107F1C8031846FEF746FF034619
:10A6E000002B00F00D85D7ED327A97ED317AD7ED5A
:10A6F000306ADFED8D1AB0EE661AF0EE470AB0EE62
:10A70000670A1D20FFF78CF900F0FABC8149D7F8E1
:10A710006401F5F73BFF0346002B32D14FF00003F5
:10A72000C7F8BC304FF00003C7F8B8304FF0000353
:10A73000C7F8B4304FF00003C7F8B03007F1B003EA
:10A7400007F1B40207F1B80107F1BC00FEF738FFCA
:10A750000346002B00F0D484D7ED2F7A97ED2E7AA4
:10A76000D7ED2D6A97ED2C6AF0EE461AB0EE661A18
:10A77000F0EE470AB0EE670A1E20FFF751F900F02D
:10A78000BFBC6549D7F86401F5F700FF0346002B0D
:10A7900032D14FF00003C7F8AC304FF00003C7F8D8
:10A7A000A8304FF00003C7F8A4304FF00003C7F8FB
:10A7B000A03007F1A00307F1A40207F1A80107F1F7
:10A7C000AC00FEF7FDFE0346002B00F09984D7EDA8
:10A7D0002B7A97ED2A7AD7ED296A97ED286AF0EE61
:10A7E000461AB0EE661AF0EE470AB0EE670A1F206E
:10A7F000FFF716F900F084BC4849D7F86401F5F773
:10A80000C5FE0346002B2BD14FF00003C7F89C3048
:10A810004FF00003C7F898304FF00003C7F89430AA
:10A8200007F1940207F1980107F19C031846FEF71F
:10A830009CFE0346002B00F06384D7ED277A97ED4A
:10A84000267AD7ED256ADFED381AB0EE661AF0EEFB
:10A85000470AB0EE670A2020FFF7E2F800F050BC8C
:10A860002F49D7F86401F5F791FE0346002B1FD15D
:10A870004FF00003C7F89030FEF742FE024607F1A2
:10A88000900319461046FEF747FE0346002B00F0E2
:10A890003784D7ED247ADFED241A9FED231ADFEDFC
:10A8A000220AB0EE670A2120FFF7BAF800F028BCB0
:10A8B0001C49D7F86401F5F769FE0346002B49D11E
:10A8C0004FF00003C7F88C304FF00003C7F8883012
:10A8D000FEF716FE024607F18C0319461046FEF7F6
:10A8E0001BFE0346002B21D0FEF70AFE024607F1AD
:10A8F000880319461046FEF70FFE0346002B15D0BD
:10A90000012314E090400108944001089C40010894
:10A91000A0400108A4400108A8400108B040010877
:10A92000B8400108C0400108000000000023002BCF
:10A9300000F0E683D7ED237A97ED227A5FED061AD1
:10A940001FED071AF0EE470AB0EE670A2220FFF764
:10A9500067F8D5E3C149D7F86401F5F717FE034658
:10A96000002B2FD14FF00003C7F884304FF00003C5
:10A97000C7F880304FF00003FB674FF00003BB6760
:10A9800007F1780307F17C0207F1800107F18400E9
:10A99000FEF736FE0346002B00F0B283D7ED217A96
:10A9A00097ED207AD7ED1F6A97ED1E6AF0EE461AF2
:10A9B000B0EE661AF0EE470AB0EE670A2320FFF702
:10A9C0002FF89DE3A649D7F86401F5F7DFFD0346AC
:10A9D000002B07D0A349D7F86401F5F7D7FD03464C
:10A9E000002B35D14FF000037B674FF000033B672E
:10A9F0004FF00003FB6607F5B473A3F580734FF0C7
:10AA000000021A6007F1680307F16C0207F1700198
:10AA100007F17400FEF7F4FD0346002B00F06B8392
:10AA2000D7ED1D7A97ED1C7AD7ED1B6A07F5B47345
:10AA3000A3F5807393ED006AF0EE461AB0EE661A45
:10AA4000F0EE470AB0EE670A2420FEF7E9FF52E372
:10AA50008549D7F86401F5F799FD0346002B07D027
:10AA60008249D7F86401F5F791FD0346002B4DD1DB
:10AA700007F5B473A3F582734FF000021A6007F56F
:10AA8000B473A3F584734FF000021A6007F5B47332
:10AA9000A3F586734FF000021A6007F5B473A3F5AF
:10AAA00088734FF000021A6007F1580307F15C0247
:10AAB00007F1600107F16400FEF7A2FD0346002BD9
:10AAC00000F01B8307F5B473A3F58273D3ED007A0E
:10AAD00007F5B473A3F5847393ED007A07F5B473A7
:10AAE000A3F58673D3ED006A07F5B473A3F58873F5
:10AAF00093ED006AF0EE461AB0EE661AF0EE470AE1
:10AB0000B0EE670A2520FEF78BFFF6E25849D7F82A
:10AB10006401F5F73BFD0346002B25D107F5B4731F
:10AB2000A3F58A734FF000021A60FEF7E9FC0246B3
:10AB300007F1540319461046FEF7EEFC0346002BBE
:10AB400000F0DE8207F5B473A3F58A73D3ED007AC3
:10AB5000DFED481A9FED471ADFED460AB0EE670AAF
:10AB60002620FEF75DFFCBE24349D7F86401F5F7F5
:10AB70000DFD0346002B43D107F5B473A3F58C7389
:10AB80004FF000021A6007F5B473A3F58E734FF00F
:10AB900000021A60FEF7B4FC024607F150031946A2
:10ABA0001046FEF7B9FC0346002B0DD0FEF7A8FCBB
:10ABB000024607F14C0319461046FEF7ADFC03466A
:10ABC000002B01D0012300E00023002B00F098822D
:10ABD00007F5B473A3F58C73D3ED007A07F5B4735E
:10ABE000A3F58E7393ED007ADFED221A9FED211A03
:10ABF000F0EE470AB0EE670A2720FEF711FF7FE26A
:10AC00001E49D7F86401F5F7C1FC0346002B37D184
:10AC100007F5B473A3F590734FF000021A60FEF7C6
:10AC20006FFC024607F1480319461046FEF774FC14
:10AC30000346002B00F0648207F5B473A3F590730C
:10AC4000D3ED007ADFED0B1A9FED0A1ADFED090A4A
:10AC5000B0EE670A2820FEF7E3FE51E2C840010883
:10AC6000D0400108D8400108E4400108EC40010848
:10AC7000F8400108000000000041010808410108F7
:10AC8000D949D7F86401F5F781FC0346002B3FD181
:10AC900007F5B473A3F592734FF000021A6007F53D
:10ACA000B473A3F594734FF000021A6007F5B47300
:10ACB000A3F596734FF000021A6007F13C0207F10A
:10ACC000400107F144031846FEF74FFC0346002BF2
:10ACD00000F0168207F5B473A3F59273D3ED007AF2
:10ACE00007F5B473A3F5947393ED007A07F5B47385
:10ACF000A3F59673D3ED006ADFEDBC1AB0EE661AC9
:10AD0000F0EE470AB0EE670A2920FEF789FEF7E168
:10AD1000B749D7F86401F5F739FC0346002B33D166
:10AD200007F5B473A3F598734FF000021A6007F5A6
:10AD3000B473A3F59A734FF000021A6007F5B47369
:10AD4000A3F59C734FF000021A6007F1300207F17F
:10AD5000340107F138031846FEF707FC0346002BC1
:10AD600000F0CE8107F5B473A3F59873D3ED007AA4
:10AD7000DFED9E1A9FED9D1ADFED9C0AB0EE670A8B
:10AD80002A20FEF74DFEBBE19A49D7F86401F5F79A
:10AD9000FDFB0346002B3FD107F5B473A3F59E736B
:10ADA0004FF000021A6007F5B473A3F5A0734FF0DB
:10ADB00000021A6007F5B473A3F5A2734FF0000206
:10ADC0001A6007F1240207F1280107F12C03184645
:10ADD000FEF7CBFB0346002B00F0928107F5B4731E
:10ADE000A3F59E73D3ED007A07F5B473A3F5A073B2
:10ADF00093ED007A07F5B473A3F5A273D3ED006A5F
:10AE0000DFED7A1AB0EE661AF0EE470AB0EE670A86
:10AE10002B20FEF705FE73E17749D7F86401F5F7BB
:10AE2000B5FB0346002B3FD107F5B473A3F5A4731C
:10AE30004FF000021A6007F5B473A3F5A6734FF044
:10AE400000021A6007F5B473A3F5A8734FF000026F
:10AE50001A6007F1180207F11C0107F120031846D8
:10AE6000FEF783FB0346002B00F04A8107F5B4731D
:10AE7000A3F5A473D3ED007A07F5B473A3F5A67315
:10AE800093ED007A07F5B473A3F5A873D3ED006AC8
:10AE9000DFED561AB0EE661AF0EE470AB0EE670A1A
:10AEA0002C20FEF7BDFD2BE15449D7F86401F5F7DE
:10AEB0006DFB0346002B3FD107F5B473A3F5AA73CE
:10AEC0004FF000021A6007F5B473A3F5AC734FF0AE
:10AED00000021A6007F5B473A3F5AE734FF00002D9
:10AEE0001A6007F10C0207F1100107F1140318466C
:10AEF000FEF73BFB0346002B00F0028107F5B4731D
:10AF0000A3F5AA73D3ED007A07F5B473A3F5AC7378
:10AF100093ED007A07F5B473A3F5AE73D3ED006A31
:10AF2000DFED321AB0EE661AF0EE470AB0EE670AAD
:10AF30002D20FEF775FDE3E03149D7F86401F5F700
:10AF400025FB0346002B07D02E49D7F86401F5F7FF
:10AF50001DFB0346002B25D107F5B473A3F5B07391
:10AF60004FF000021A60FEF7CBFA024607F1080321
:10AF700019461046FEF7D0FA0346002B00F0BF80BA
:10AF800007F5B473A3F5B073D3ED007ADFED171AAC
:10AF90009FED161ADFED150AB0EE670A2E20FEF7B8
:10AFA0003FFDACE01849D7F86401F5F7EFFA034626
:10AFB000002B5CD1FEF7A4FAC7F86001D7F8603126
:10AFC000002B2BD01149D7F86001F5F7DFFA0346C3
:10AFD000002B23D10E4B00221A700E4B00221A6058
:10AFE0000D48FDF7FDFA8BE010410108000000005C
:10AFF000144101081C4101082041010824410108B5
:10B000002841010830410108384101083C4101084C
:10B01000140000201C57002044410108D7F860317B
:10B02000002B11D03849D7F86001F5F7AFFA034685
:10B03000002B09D1354B01221A70354B00221A60C2
:10B040003448FDF7CDFA5BE0D7F86031002B57D0DC
:10B050003149D7F86001F5F799FA0346002B4FD133
:10B060002A4B02221A702D48FDF7BAFA48E02C4903
:10B07000D7F86401F5F78AFA0346002B0FD0294967
:10B08000D7F86401F5F782FA0346002B07D026496A
:10B09000D7F86401F5F77AFA0346002B0BD1DFED00
:10B0A000231A9FED221ADFED210A9FED200A2F209F
:10B0B000FEF7B6FC24E01E49D7F86401F5F766FAFE
:10B0C0000346002B07D01B49D7F86401F5F75EFA59
:10B0D0000346002B14D1DFED151A9FED141ADFED96
:10B0E000130A9FED120A3020FEF79AFC08E000BF19
:10B0F00006E000BF04E000BF02E000BF00E000BFC8
:10B1000007F5B477BD46B0BD5441010814000020D6
:10B110001C5700205C410108144001086C410108E3
:10B1200078410108884101089441010800000000AD
:10B130009C410108AC41010880B582B000AF0346D4
:10B14000FB71FB790D2B02D0FB790A2B10D11D4B23
:10B150001B88002B30D01B4B1B881A461A4B002132
:10B1600099541948FEF794FC164B00221A8023E0EC
:10B17000FB79082B02D0FB797F2B0AD1114B1B885E
:10B18000002B1BD00F4B1B88013B9AB20D4B1A8032
:10B1900014E00C4B1B885E2B0AD8F979094B1B88ED
:10B1A0005A1C90B2074A10801A46074B995406E081
:10B1B000044B00221A8002E000BF00E000BF083705
:10B1C000BD4680BD14570020B456002080B58AB01B
:10B1D00000AF7860FDF79EF9002387F8223004E085
:10B1E00097F822301846FFF7A7FF07F12203184609
:10B1F000FDF716FA0346002B14BF01230023DBB230
:10B20000002BEDD1FDF754FA0346002B14BF0123A8
:10B210000023DBB2002B01D0FDF756FAF7F7DEFF73
:10B220007862204B1B78012B0BD11F4B1B687A6A6D
:10B23000D31A042B05D9FEF763FA1B4A7B6A136005
:10B240002BE0184B1B78002B27D1174B1B687A6A11
:10B25000D31A042B21D907F10C0300221A605A607B
:10B260009A60DA601A6107F10C0300211846FDF7B5
:10B270005BFF034687F8233097F82330002B02D07A
:10B2800007F10C0300E0002397F82320114618462D
:10B29000FEF728FB044A7B6A13600120FBF7ADFC34
:10B2A0009AE700BF140000201C57002080B485B02E
:10B2B00000AFF860B9601346FB71FB6800221A709A
:10B2C000FB6800225A60FB6800229A60FB6800223B
:10B2D000DA60FB6800221A61FB68FA791A75FB686C
:10B2E0004FF000029A61FB684FF00002DA61FB68E0
:10B2F0004FF000021A62FB68BA685A62FB6818468F
:10B300001437BD465DF8047B704780B48BB000AF46
:10B3100078620B4687ED070AC7ED060A87ED051A26
:10B32000C7ED041A87ED032AC7ED022A87ED013A1B
:10B3300087F823307B6A4FF000021A607B6A97F827
:10B3400023201A717B6AFA699A607B6ABA69DA60AB
:10B350007B6A7A691A617B6A3A695A617B6AFA6820
:10B360009A617B6ABA68DA617B6A7A681A627B6A78
:10B370004FF000025A627B6A4FF000029A627B6AC9
:10B380004FF00002DA627B6A4FF000021A637B6AB8
:10B3900018462C37BD465DF8047B7047B0B487B0C3
:10B3A00000AF78613961FA60BB6087ED010AC7EDD3
:10B3B000000A7B6900221A707B6900225A707B693F
:10B3C00000229A707B694FF000025A607B694FF04F
:10B3D00000029A607B694FF00002DA607B694FF0EF
:10B3E00000021A617B697A685A617B69FA6803F125
:10B3F000180415460FCD0FC40FCD0FC40FCD0FC4C9
:10B400002B6823607B69BA6803F14C0415460FCDA5
:10B410000FC40FCD0FC40FCD0FC42B6823607B6901
:10B420003A69C3F880207B690022C3F884207B69D5
:10B430004FF00002C3F888207B694FF00002C3F888
:10B440008C207B694FF00002C3F890207B694FF09D
:10B450000002C3F894207B694FF00002C3F89820E3
:10B460007B694FF00002C3F89C207B693A68C3F8FF
:10B47000A0207B69002283F8A4207B694FF00002A2
:10B48000C3F8A8207B694FF00002C3F8AC207B69A9
:10B490004FF00002C3F8B0207B69002283F8B4208B
:10B4A0007B694FF00002C3F8B8207B6918461C374F
:10B4B000BD46B0BC7047000080B586B000AF786173
:10B4C0003961FA60BB6087ED010AC7ED000A78694F
:10B4D000D7ED000A97ED010ABB68FA683969FFF7F2
:10B4E0005DFF7B69002283F8BC207B69002283F822
:10B4F000BD207B69002283F8BE207B690022A3F86F
:10B50000C0207B690022A3F8C2207B69002283F857
:10B51000C4207B690022C3F8C8207B696422C3F879
:10B52000CC207B694FF00002C3F8D0207B69BD4A74
:10B53000C3F8D4207B69BC4AC3F8D8207B69BB4AD6
:10B54000C3F8DC207B69BA4AC3F8E0207B69B94ABA
:10B55000C3F8E4207B694FF00002C3F8E8207B6960
:10B560004FF00002C3F8EC207B694FF00002C3F8F3
:10B57000F0207B694FF00002C3F8F4207B694FF0A4
:10B580000002C3F8F8207B69AB4AC3F8FC207B6952
:10B590004FF07E52C3F800217B69A84AC3F804210A
:10B5A0007B69A74AC3F808217B69A64AC3F80C2126
:10B5B0007B694FF00002C3F810217B694FF0000255
:10B5C000C3F814217B69A04AC3F818217B699A4A01
:10B5D000C3F81C217B694FF00002C3F820217B696E
:10B5E000994AC3F824217B69934AC3F828217B69CF
:10B5F000964AC3F82C217B694FF00002C3F8302132
:10B600007B69914AC3F834217B698B4AC3F838219E
:10B610007B698F4AC3F83C217B694FF07A52C3F8AB
:10B6200040217B694FF07E52C3F844217B69894AEF
:10B63000C3F848217B69884AC3F84C217B694FF0E5
:10B640000002C3F850217B694FF00002C3F8542177
:10B650007B69002283F858217B69002283F85921F5
:10B660007B69002283F85A217B69784AC3F85C2100
:10B670007B697A4AC3F860217B694FF07C52C3F83A
:10B6800064217B69764AC3F868217B69744AC3F8F0
:10B690006C217B69734AC3F870217B694FF000020B
:10B6A000C3F874217B69694AC3F878217B694FF03C
:10B6B0000002C3F87C217B694FF00002C3F88021AF
:10B6C0007B694FF00002C3F884217B695F4AC3F8AD
:10B6D00088217B694FF00002C3F88C217B694FF011
:10B6E0000002C3F890217B694FF00002C3F8942157
:10B6F0007B69564AC3F898217B694FF00002C3F872
:10B700009C217B694FF00002C3F8A0217B69564A57
:10B71000C3F8A4217B694FF00002C3F8A8217B691C
:10B72000002283F8AC217B69002283F8AD217B697C
:10B730004FF00002C3F8B0217B694FF00002C3F85C
:10B74000B4217B694FF00002C3F8B8217B69002265
:10B7500083F8BC217B69002283F8BD217B6900222C
:10B7600083F8BE217B69002283F8BF217B69002218
:10B7700083F8C0217B69304AC3F8C4217B693B4A06
:10B78000C3F8C8217B693A4AC3F8CC217B690A22F5
:10B79000C3F8D0217B69274AC3F8D4217B69354A95
:10B7A000C3F8D8217B69344AC3F8DC217B69324A6B
:10B7B000C3F8E0217B69314AC3F8E4217B69304A50
:10B7C000C3F8E8217B692F4AC3F8EC217B691A4A48
:10B7D000C3F8F0217B692C4AC3F8F4217B69192254
:10B7E000C3F8F8217B692322C3F8FC217B69114A45
:10B7F000C3F800227B69032283F804227B690F4A85
:10B80000C3F808227B69012283F80C227B691F4A56
:10B81000C3F810227B694FF08242C3F814227B697F
:10B8200036E000BF9A99DB41EC51F541CDCC09429D
:10B830003603093F3333B33E00004040CDCCCC3D0E
:10B84000CDCC0C40CDCC4C3F9A99993F0000A04004
:10B8500000002041CDCC4C40000080BF0000A0C0C3
:10B860009A99193F0000A0419A99193E713D8A3E6C
:10B8700000002040CDCCCC3C0AD7233D3333333FAE
:10B880000000344200005C42EC51383E8FC2F53C6F
:10B890004FF00002C3F818227B694FF00002C3F892
:10B8A0001C227B694FF00002C3F820227B694FF015
:10B8B0000002C3F824227B690022C3F828227B6996
:10B8C000002283F82C227B694FF00002C3F830225B
:10B8D0007B694FF00002C3F834227B694FF000020D
:10B8E000C3F838227B694FF00002C3F83C227B6921
:10B8F0004FF00002C3F840227B694FF00002C3F80A
:10B9000044227B690022C3F848227B692822C3F8BD
:10B910004C227B6903F5147328220021184606F097
:10B9200085F97B69002283F878227B69002283F8FD
:10B9300079227B690022C3F87C227B694FF00002E8
:10B94000C3F880227B694FF00002C3F884227B6930
:10B95000002283F888227B690022A3F88A227B696F
:10B96000002283F88C227B690022C3F890227B6935
:10B970004FF00002C3F894227B694FF00002C3F835
:10B9800098227B694FF00002C3F89C227B694FF03C
:10B990000002C3F8A0227B69002283F8A4227B69FD
:10B9A0004FF00002C3F8A8227B694FF00002C3F8F1
:10B9B000AC227B694FF00002C3F8B0227B69002201
:10B9C00083F8B4227B690A4AC3F8B8227B69084A23
:10B9D000C3F8BC227B69064AC3F8C0227B690022F7
:10B9E000C3F8C4227B6918461837BD4680BD00BF26
:10B9F0003603093F80B483B000AF78607B68D3F82A
:10BA0000E03007EE903AB0EE670A0C37BD465DF8BD
:10BA1000047B704780B58AB000AF3B4628220021E6
:10BA2000184606F003F900237B610023BB61012364
:10BA3000FB6100237B6000233B600023FB6000234D
:10BA4000BB6000233B6101233B620E237B623B46CC
:10BA500019461648F5F768FA0346002B14BF012370
:10BA60000023DBB2002B01D0FBF740FF0F48F5F7B6
:10BA700039FB0346002B14BF01230023DBB2002B4C
:10BA800001D0FBF733FF02210848F5F796FD034686
:10BA9000002B14BF01230023DBB2002B01D0FBF7E6
:10BAA00025FF00BF2837BD4680BD00BF704B00207A
:10BAB00080B58CB000AF786007F1140300221A60E3
:10BAC0005A609A60DA601A615A619A6107F10C0350
:10BAD00000221A605A607B68144A934220D107F111
:10BAE0000C0307F1140200217868F5F744FC0346C3
:10BAF000002B14BF01230023DBB2002B12D1FB6902
:10BB0000002B10D17B69B3F5A06F0CD17B6A082B99
:10BB100009D107F10C0319460548FCF7DBFE02E0EA
:10BB200000BF00E000BF3037BD4680BD704B002035
:10BB30002857002080B500AF074B5B7883F00103E6
:10BB4000DBB2002B02D0044804F078FA024804F07B
:10BB5000BFFA00BF80BD00BFB857002080B582B0DB
:10BB600000AF78607B681B78013B2F2B00F20F83BE
:10BB700001A252F823F000BF39BC000841BC000804
:10BB800049BC000851BC00085FBC00087DBC00082F
:10BB90009BBC0008B9BC0008D7BC0008F5BC000875
:10BBA0001BBD000841BD000853BD00086FBD000863
:10BBB00077BD000889BD00089BBD0008A7BD00082F
:10BBC000C9BD0008E5BD00081FBE00083FBE000853
:10BBD0004BBE000853BE000885BE0008ABBE00087F
:10BBE000BDBE0008D9BE0008FFBE000829BF00087E
:10BBF00059BF000889BF0008AFBF0008C1BF0008D7
:10BC0000DDBF00080DC000083DC000086DC0000881
:10BC10007FC000089BC00008ADC00008D3C000086A
:10BC2000E5C000080BC1000831C1000857C1000879
:10BC300069C1000871C10008BA4804F0FFF9A7E221
:10BC4000B84804F019FAA3E2B64804F041FA9FE2BA
:10BC5000B44804F04FFAB34800F0D8FF98E2FFF779
:10BC600069FFB04800F0D2FF7B68D3ED017AB0EEF7
:10BC7000670A0021AB4804F059FA89E2FFF75AFF3E
:10BC8000A84800F0C3FF7B68D3ED017AB0EE670AE5
:10BC90000121A44804F04AFA7AE2FFF74BFFA148D9
:10BCA00000F0B4FF7B68D3ED017AB0EE670A0221A1
:10BCB0009C4804F03BFA6BE2FFF73CFF994800F028
:10BCC000A5FF7B68D3ED017AB0EE670A03219548A2
:10BCD00004F02CFA5CE2FFF72DFF924800F096FF8B
:10BCE0007B68D3ED017AB0EE670A04218D4804F039
:10BCF0001DFA4DE27B68D3ED017A7B6893ED027A01
:10BD00007B68D3ED036AB0EE661AF0EE470AB0EE38
:10BD1000670A844804F0F6FB3AE27B68D3ED017AC7
:10BD20007B6893ED027A7B68D3ED036AB0EE661A06
:10BD3000F0EE470AB0EE670A7A4804F0FCFB27E20F
:10BD40007B68D3ED017AB0EE670A764804F00CFC0C
:10BD50001EE27B68D3ED017A7B6893ED027AF0EE08
:10BD6000470AB0EE670A6F4804F027FC10E26D48FE
:10BD700004F065FC0CE27B68D3ED017AB0EE670A53
:10BD8000684804F06AFC03E27B68D3ED017AB0EE08
:10BD9000670A644802F0C8FBFAE1FFF7CBFE61488E
:10BDA00000F0C1FEF4E1FFF7C5FE5E4800F02EFF93
:10BDB0005C48FDF71AFBF0EE407AB0EE670A02210C
:10BDC000584804F0B3F9E3E1FFF7B4FE7B68D3ED24
:10BDD000017AB0EE670A534801F0FFF8514800F0CD
:10BDE000A2FED5E1FFF7A6FE7B68D3ED017A7B6862
:10BDF00093ED027A7B68D3ED036A7B6893ED046A66
:10BE0000F0EE461AB0EE661AF0EE470AB0EE670A98
:10BE1000444801F0F9F8434800F085FEB8E1FFF727
:10BE200089FE7B68D3ED017AFCEEE77AC7ED007AF4
:10BE30003B78DBB219463B4801F00CF8A8E1FFF76C
:10BE400079FE384801F09CF8A2E1364801F0BAF8D2
:10BE50009EE1FFF76FFE334800F0D8FE7B68D3ED1C
:10BE6000017AB0EE670A2F4801F0E2F92D48FFF79A
:10BE7000C1FDF0EE407AB0EE670A0221294804F0D5
:10BE800055F985E17B68D3ED017A7B6893ED027A01
:10BE90007B68D3ED036AB0EE661AF0EE470AB0EEA7
:10BEA000670A204801F051FA72E17B68D3ED017A0C
:10BEB000B0EE670A1B4801F08FFA69E17B68D3EDA9
:10BEC000017A7B6893ED027AF0EE470AB0EE670ADA
:10BED000144801F09EFA5BE17B68D3ED017A7B6840
:10BEE00093ED027A7B68D3ED036AB0EE661AF0EE4A
:10BEF000470AB0EE670A0B4801F0B2FA48E17B68E6
:10BF0000D3ED017A7B6893ED027A7B68D3ED036A07
:10BF1000B0EE661AF0EE470AB0EE670A014801F08B
:10BF200029FB35E1B85700207B68D3ED017A7B68A7
:10BF300093ED027A7B68D3ED036A7B6893ED046A24
:10BF4000F0EE461AB0EE661AF0EE470AB0EE670A57
:10BF5000914801F007FC1BE17B68D3ED017A7B6817
:10BF600093ED027A7B68D3ED036A7B6893ED046AF4
:10BF7000F0EE461AB0EE661AF0EE470AB0EE670A27
:10BF8000854801F067FC03E17B68D3ED017A7B68AB
:10BF900093ED027A7B68D3ED036AB0EE661AF0EE99
:10BFA000470AB0EE670A7C4801F0CCFCF0E07B6801
:10BFB000D3ED017AB0EE670A774801F01AFDE7E0A9
:10BFC0007B68D3ED017A7B6893ED027AF0EE470A45
:10BFD000B0EE670A704801F011FED9E07B68D3ED3E
:10BFE000017A7B6893ED027A7B68D3ED036A7B6804
:10BFF00093ED046AF0EE461AB0EE661AF0EE470AC8
:10C00000B0EE670A644801F036FEC1E07B68D3ED0C
:10C01000017A7B6893ED027A7B68D3ED036A7B68D3
:10C0200093ED046AF0EE461AB0EE661AF0EE470A97
:10C03000B0EE670A584801F0BCFEA9E07B68D3ED7A
:10C04000017A7B6893ED027A7B68D3ED036A7B68A3
:10C0500093ED046AF0EE461AB0EE661AF0EE470A67
:10C06000B0EE670A4C4801F00AFF91E07B68D3ED1F
:10C07000017AB0EE670A484801F0A9FF88E07B68C2
:10C08000D3ED017A7B6893ED027AF0EE470AB0EEC9
:10C09000670A414801F0BDFF7AE07B68D3ED017A81
:10C0A000B0EE670A3C4801F0F1FF71E07B68D3ED28
:10C0B000017A7B6893ED027A7B68D3ED036AB0EE78
:10C0C000661AF0EE470AB0EE670A334802F022F82B
:10C0D0005EE07B68D3ED017AB0EE670A2E4802F08D
:10C0E00087F855E07B68D3ED017A7B6893ED027A9F
:10C0F0007B68D3ED036AB0EE661AF0EE470AB0EE45
:10C10000670A254802F096F842E07B68D3ED017A91
:10C110007B6893ED027A7B68D3ED036AB0EE661A12
:10C12000F0EE470AB0EE670A1B4802F004F92FE070
:10C130007B68D3ED017A7B6893ED027A7B68D3ED5F
:10C14000036AB0EE661AF0EE470AB0EE670A1248CC
:10C1500002F05EF91CE07B68D3ED017AB0EE670A6D
:10C160000D4802F0BFF913E00B4804F08FFA0FE01E
:10C17000094804F0CBFAFFF7DDFC074BD3ED017A59
:10C18000B0EE670A0221044803F0D0FF00E000BFD0
:10C1900000BF0837BD4680BDB857002080B586B0C7
:10C1A00000AF124B1B68002B1BD03B1D00221A60F6
:10C1B0005A609A60DA601A6103E03B1D1846FFF787
:10C1C000CDFC0A4B1868391D00230022FAF730FE17
:10C1D0000346002B0CBF01230023DBB2002BECD164
:10C1E00000E000BF1837BD4680BD00BF644B002093
:10C1F00080B58AB000AF234B1B68002B3ED03B1D9F
:10C2000020220021184605F011FD002387F8273071
:10C2100002E0012387F827301A4B1868391D0023E4
:10C220000022FAF705FE0346002B0CBF0123002372
:10C23000DBB2002BEDD197F8273083F00103DBB29E
:10C24000002B08D03B1D1846FCF79CFC0346002B36
:10C2500001D0012300E00023002B02D0012387F846
:10C26000273097F82730002B09D0F6F7B7FF0246A2
:10C270003B1D1946044802F031FD00E000BF28379D
:10C28000BD4680BD6C4B0020B857002080B500AF84
:10C2900005E00C4803F0D2FE0520FAF7AEFC094B8E
:10C2A0005B7883F00103DBB2002BF2D19FED060A2D
:10C2B0000021044803F03AFF024803F009FF00BFE1
:10C2C00080BD00BFB85700200000000080B582B0DC
:10C2D00000AF7860FFF79EFB0B4803F08FFEDFEDA9
:10C2E0000B0A9FED0B0A084804F067F9FFF7CEFF31
:10C2F000FFF754FFFFF77CFF034803F0D7FF01204F
:10C30000FAF77BFC00BFF3E7B8570020A9CE033F44
:10C31000AC874D3E80B582B000AF78607868FFF79B
:10C32000C7FB00BF0837BD4680BD000080B500AF29
:10C3300000221A491A48FEF7B9FF9FED1A3ADFEDBD
:10C340001A2A9FED1A2ADFED1A1A9FED1A1ADFED4D
:10C35000190A9FED190A00211848FEF7D6FF9FED34
:10C36000113ADFED112A9FED162ADFED161A9FED27
:10C37000161ADFED160AB2EE000A00211448FEF785
:10C38000C4FFDFED090A9FED130A114B0B4A044964
:10C390001148FFF791F800BF80BD00BF704B00202F
:10C3A000285700209A9919BF9A99193F0000FAC49A
:10C3B0000000FA44000000000AD7233C5057002038
:10C3C0006666E6BF6666E63F000048437B142E3E85
:10C3D000845700206F12833AB857002080B500AF11
:10C3E000FFF7A4FF80BD80B582B000AF7860002267
:10C3F00001217868FCF7F2F900BF0837BD4680BD1F
:10C4000080B582B000AF7860002202217868FCF726
:10C41000E5F900BF0837BD4680BD000080B588B093
:10C4200002AFF86087ED020A7960B868F4F714F893
:10C430004FF000021B4BF4F703F902460B4643ECA6
:10C44000172BB0EE470AF0EE670A04F0DBF97861CB
:10C45000154B3B617B69002B04DA144B3B617B6914
:10C460005B427B617B69124A82FB03125211DB172C
:10C47000D01A7A690E4B83FB02135911D317CB1ACA
:10C48000642101FB03F3D31A7A68019200930346F7
:10C490003A69F9680748FCF7A3F800BF1837BD46AA
:10C4A00080BD00BF00005940B4410108B8410108F7
:10C4B0001F85EB51BC41010880B588B002AFF86020
:10C4C00087ED020A7960B868F3F7C6FF4FF0000203
:10C4D0001B4BF4F7B5F802460B4643EC172BB0EEB6
:10C4E000470AF0EE670A04F08DF97861154B3B615D
:10C4F0007B69002B04DA144B3B617B695B427B61F7
:10C500007B69124A82FB03129211DB17D01A7A69F7
:10C510000E4B83FB02139911D317CB1A4FF47A7188
:10C5200001FB03F3D31A7A680192009303463A6938
:10C53000F9680748FCF754F800BF1837BD4680BDBE
:10C5400000408F40B4410108B8410108D34D62104A
:10C55000CC410108F0B585B004AF1148F5F782FA77
:10C5600003461E460E48F5F7A5FA04460C48F4F7B4
:10C57000CDFE05460B4BDB680A4A526809498968BB
:10C580000848006903900291019200932B462246CD
:10C5900031460548FCF724F800BF0437BD46F0BD1E
:10C5A000704B0020805A0020DC41010880B500AFAC
:10C5B0000F48FCF715F80F48FCF712F80E48FCF787
:10C5C0000FF80E48FCF70CF80D48FCF709F80D4879
:10C5D000FCF706F80C48FCF703F80C48FCF700F8E9
:10C5E0000B48FBF7FDFF0B48FBF7FAFF00BF80BDD0
:10C5F0003C4201086442010878420108A042010857
:10C60000BC420108E4420108104301082843010824
:10C61000484301086043010880B500AF1A4B1B7DF9
:10C620001946194B1B78002B01D0012300E0002391
:10C630001A461648FBF7D4FF154BD3ED007A15497F
:10C64000B0EE670A1448FFF7E9FE0F4BD3ED087A06
:10C650001049B0EE670A1148FFF7E0FE0A4BD3ED30
:10C66000067A0F49B0EE670A0E48FFF7D7FE064B71
:10C67000D3ED077A0C49B0EE670A0C48FFF71CFFB0
:10C68000FFF768FF00BF80BD805A0020804301088B
:10C69000A85A0020984301089C430108AC430108B4
:10C6A000C0430108C8430108D0430108D84301082A
:10C6B00080B58AB000AF3B4628220021184605F01D
:10C6C000B5FA00237B610023BB610123FB610023DA
:10C6D0003B6000237B600023BB600023FB600023E2
:10C6E0003B6101233B620E237B623B4619461A489D
:10C6F000F4F71AFC0346002B14BF01230023DBB21E
:10C70000002B04D01548FBF76BFFFBF7EFF812483E
:10C71000F4F7E8FC0346002B14BF01230023DBB22F
:10C72000002B04D00E48FBF75BFFFBF7DFF802217C
:10C730000948F4F742FF0346002B14BF01230023EE
:10C74000DBB2002B04D00748FBF74AFFFBF7CEF81B
:10C7500000BF2837BD4680BD704B0020E043010874
:10C76000FC4301081044010880B584B000AF87ED98
:10C77000010A124BFB6007F10C013B1D104A1846E1
:10C78000FCF742F903461B680E4A13600D4BD3EDCC
:10C79000007AB0EE670A0C48FCF702F9094BD3EDBA
:10C7A000007A0A49B0EE670A0948FFF737FEFFF73B
:10C7B000D1FE00BF1037BD4680BD00BF9A9999BE1B
:10C7C00024460108A85A0020805A0020304401085D
:10C7D0003444010880B582B000AF0346FB71FB7999
:10C7E0000A3B692B00F2228101A252F823F000BF1C
:10C7F00039CA00082DCA00082DCA000839CA000825
:10C800002DCA00082DCA00082DCA00082DCA00082C
:10C810002DCA00082DCA00082DCA00082DCA00081C
:10C820002DCA00082DCA00082DCA00082DCA00080C
:10C830002DCA00082DCA00082DCA00082DCA0008FC
:10C840002DCA00082DCA00082DCA00082DCA0008EC
:10C850002DCA00082DCA00082DCA00082DCA0008DC
:10C860002DCA00082DCA00082DCA00082DCA0008CC
:10C870002DCA0008D9C900082DCA0008F1C900084E
:10C880002DCA00082DCA0008CFC900082DCA00080B
:10C890002DCA00082DCA00082DCA00082DCA00089C
:10C8A0002DCA00082DCA00082DCA00082DCA00088C
:10C8B0002DCA00082DCA00082DCA00082DCA00087C
:10C8C0002DCA000827CA00082DCA00082DCA000872
:10C8D0002DCA000821CA0008ABC9000899C9000880
:10C8E0002DCA00082DCA000827CA00082DCA000852
:10C8F0002DCA00082DCA00082DCA00082DCA00083C
:10C9000009CA00082DCA00082DCA00082DCA00084F
:10C910002DCA00081BCA00082DCA00082DCA00082D
:10C920002DCA00082DCA00082DCA00082DCA00080B
:10C930002DCA00082DCA00082DCA00082DCA0008FB
:10C940002DCA00082DCA00082DCA00082DCA0008EB
:10C950002DCA000821CA0008ABC9000899C90008FF
:10C960002DCA00082DCA000827CA00082DCA0008D1
:10C970002DCA00082DCA00082DCA00082DCA0008BB
:10C9800009CA00082DCA00082DCA00082DCA0008CF
:10C990002DCA00081BCA00082A48FFF724FD2A48B0
:10C9A000FBF71EFEFFF7D6FD47E0284B4FF00002D5
:10C9B0001A609FED270A2348FBF7F2FF2148FFF793
:10C9C0001FFD2448FBF70CFEFFF7C4FD35E09FED8B
:10C9D000200AFFF7C9FE30E01C4BD3ED007A9FED33
:10C9E0001E7A77EE877AB0EE670AFFF7BDFE24E085
:10C9F000164BD3ED007A9FED187A77EEC77AB0EE3A
:10CA0000670AFFF7B1FE18E00E48FBF7BBFF1348BB
:10CA1000FBF7E6FDFFF79EFD0FE0FFF7FDFD0CE0E5
:10CA2000FFF798FD09E0FFF7C1FD06E0FB79194625
:10CA30000B48FBF7D5FD00E000BF00BF0837BD463F
:10CA400080BD00BF805A002044440108A85A00203D
:10CA5000000000005C440108CDCC4C3D744401084A
:10CA60008844010880B500AFFBF754FDFFF720FEB6
:10CA7000FFF79CFD4FF4A0610248FBF7B1FD00BF3A
:10CA800080BD00BFB044010880B582B000AF002374
:10CA9000FB7103E0FB791846FFF79CFEFB1D18466F
:10CAA000FBF7BEFD0346002B14BF01230023DBB2BE
:10CAB000002BEFD1FBF7FCFD0346002B14BF012335
:10CAC0000023DBB2002B04D0FBF7FEFD0348FBF78D
:10CAD00087FD00BF0837BD4680BD00BFE8440108A0
:10CAE00080B500AF002203490348FEF7DFFB00BF1B
:10CAF00080BD00BF704B0020805A002080B500AF81
:10CB0000FFF7EEFF80BD80B483B000AF87ED010A70
:10CB1000D7ED017AF0EEE77AB0EE670A0C37BD4642
:10CB20005DF8047B704780B582B000AF78607B68A9
:10CB3000012283F8BC207B68002283F8C4207B6834
:10CB4000002283F8B4227B684FF00002C3F8A822C9
:10CB50007B684FF00002C3F8AC227B684FF0000204
:10CB6000C3F894227B684FF00002C3F898227B68D8
:10CB70004FF00002C3F89C227B684FF00002C3F81C
:10CB8000A0227B68002283F8A4227B680022C3F8DD
:10CB9000C4227B68D3F8E0207B68C3F8B8227B68A6
:10CBA000D3F8B8227B68C3F8BC227B68D3F8BC22D8
:10CBB0007B68C3F8C0227B684FF00002C3F8B8213D
:10CBC0007B68002283F8AC217B68002283F8BC21BB
:10CBD0007B68002283F8BD217B68002283F8BE2198
:10CBE0007B68002283F8BF217B68002283F8C02184
:10CBF0007A687B68D3EDAF7AB0EE670A02211046FF
:10CC000003F094FA00BF0837BD4680BD80B483B0FE
:10CC100000AF78607B68002283F8BC207B6800222C
:10CC200083F8AD217B684FF00002C3F8B0217B6828
:10CC30004FF00002C3F8B4217B68002283F858212A
:10CC40007B68002283F85A217B68002283F85921EF
:10CC50007B684FF00002C3F8A8217B68002283F8AC
:10CC6000AC217B684FF00002C3F8B8217B6800223A
:10CC700083F8BC217B68002283F8BD217B680022F9
:10CC800083F8BE217B68002283F8BF217B680022E5
:10CC900083F8C0217B68002283F8BD2000BF0C37D9
:10CCA000BD465DF8047B704780B582B000AF786008
:10CCB00039603B68D3ED1A7A9FED647A67EE877A24
:10CCC000B0EE670A786800F0B3FA9FED611ADFED05
:10CCD000600A9FED5F0A786800F037FB3B68D3ED90
:10CCE000007A3B6893ED017AF0EE470AB0EE670AEE
:10CCF000786800F08EFB3B68D3ED027A3B6893EDD9
:10CD0000037A3B68D3ED046A3B6893ED056AF0EE65
:10CD1000461AB0EE661AF0EE470AB0EE670A786877
:10CD200000F020FD3B68D3ED067A3B6893ED077A6F
:10CD30003B68D3ED086A3B6893ED096AF0EE461A4A
:10CD4000B0EE661AF0EE470AB0EE670A786800F0B7
:10CD500081FD3B68D3ED0A7A3B6893ED0B7A3B6823
:10CD6000D3ED0C6AB0EE661AF0EE470AB0EE670A31
:10CD7000786800F0E7FD3B68D3ED0D7AB0EE670A06
:10CD8000786800F036FE3B68D3ED0E7A3B6893ED91
:10CD90000F7AF0EE470AB0EE670A786800F02EFFCF
:10CDA0003B68D3ED107A3B6893ED117A3B68D3ED85
:10CDB000126AF0EE001AB0EE661AF0EE470AB0EE14
:10CDC000670A786800F0F5FF3B68D3ED137A3B689B
:10CDD00093ED147A3B68D3ED156AF0EE001AB0EECD
:10CDE000661AF0EE470AB0EE670A786801F047F875
:10CDF0003B68D3ED1C7AB0EE670A786801F0E7F87B
:10CE00003B68D3ED1D7A3B6893ED1E7AF0EE470A3E
:10CE1000B0EE670A786801F0FCF83B68D3ED1F7A42
:10CE2000B0EE670A786801F031F97A683B68D3EDB3
:10CE30001B7A9FED067A67EE877AB0EE670A104696
:10CE400003F00BFC00BF0837BD4680BD35FA8E3CB1
:10CE50000000000080B584B000AF78600B46FB7026
:10CE6000FB78012B01D000235CE030497868FFF7A4
:10CE70001BFF7B68002283F859217B6893F8883276
:10CE8000002B03D07B68D3F8803202E07B68D3F8B4
:10CE90001832FB607B6893F88832002B03D07B68E4
:10CEA000D3F8843201E04FF00003BB6097ED030A32
:10CEB000FFF729FEF0EE407A9FED1D7AF4EEC77A77
:10CEC000F1EE10FA0CDC97ED020AFFF71CFEF0EE13
:10CED000407A9FED187AF4EEC77AF1EE10FA01DD90
:10CEE000012300E00023002B11D07B68012283F88E
:10CEF00059217B68002283F858217B68002283F83F
:10CF00005A219FED0D0A786800F0D8F802E07868A1
:10CF100000F014F87B68FA7883F8BD207868FFF792
:10CF200002FE012318461037BD4680BD2846010881
:10CF30003333333FCDCC4C3F0000000080B582B08E
:10CF400000AF78607B68002283F85921F1EE047A03
:10CF5000B9EE047ADFED096A9FED086AF0EE461A31
:10CF6000B0EE661AF0EE470AB0EE670A786800F095
:10CF70004BF800BF0837BD4680BD00BF3333333F99
:10CF800090B583B000AF78607868FFF73FFE7B68AC
:10CF9000184603F07BFB9FED0A0A786800F048F919
:10CFA0007C687868FEF726FDF0EE407AB0EE670AFE
:10CFB0000221204603F0BAF800BF0C37BD4690BDF1
:10CFC0000998C43E80B582B000AF78607868FFF7FA
:10CFD0001DFE00BF0837BD4680BD80B582B000AFE2
:10CFE000786087ED000A7B68002283F858217B680F
:10CFF000002283F85A2197ED000A786800F05EF865
:10D0000000BF0837BD4680BD80B588B000AF7861ED
:10D0100087ED040AC7ED030A87ED021AC7ED011A6E
:10D020007B693A69C3F85C217B69FA68C3F86021BF
:10D03000D7ED027AB0EE670AFBF724FE0346002B19
:10D040000FD04FF00003BB6107F1080207F118038E
:10D0500011461846FBF700FD03461A687B69C3F8C2
:10D060006421D7ED017AB0EE670AFBF70BFE0346A9
:10D07000002B0ED04FF00003FB613A1D07F11C039B
:10D0800011461846FBF7E8FC03461A687B69C3F8AB
:10D0900068217B69012283F858217B69012283F88A
:10D0A0005A217B69D3ED577AB0EE670A786900F0B0
:10D0B00005F800BF2037BD4680BD000080B584B0B4
:10D0C00000AF786087ED000A7B6893F88832002B08
:10D0D00003D07B68D3F8803202E07B68D3F8183243
:10D0E000FB607B68FA68C3F850217B68D3ED547A03
:10D0F00097ED007A77EE677AB0EE670AFFF703FDE7
:10D10000F0EE407A7B68C3ED557A97ED007AD7ED63
:10D11000037A77EE677AC7ED027A97ED020AFFF796
:10D12000F2FCF0EE407A9FED407AF4EEC77AF1EE31
:10D1300010FACCBF01230023DBB2002B0ED0D7EDB9
:10D14000027AF5EEC07AF1EE10FA02DD4FF07E526F
:10D1500000E0364A7B68C3F8B42104E07B684FF0F6
:10D160000002C3F8B4217B683A68C3F8D02078681D
:10D1700000F062FC7B684FF00002C3F894227B68E9
:10D180004FF00002C3F898227B684FF00002C3F80A
:10D190009C227B684FF00002C3F8A0227B6800222B
:10D1A00083F8A4227B680022C3F8C4227B68002293
:10D1B00083F8B4227B684FF00002C3F8A8227B6892
:10D1C0004FF00002C3F8AC227B68002283F8AD2147
:10D1D0007B684FF00002C3F8B0217B684FF000027B
:10D1E000C3F8A8217B68002283F8AC217B684FF04C
:10D1F0000002C3F8B8217B68002283F8BC217B6859
:10D20000002283F8BD217B68002283F8BE217B6861
:10D21000002283F8BF217B68002283F8C02100BF71
:10D220001037BD4680BD00BF0AD7233C000080BF39
:10D2300080B582B000AF786087ED000A97ED000AF4
:10D24000FBF720FD034683F00103DBB2002B78D10E
:10D250007B683A68C3F8E0207B68D3F8E0207B68FD
:10D26000C3F8B8227B68D3F8B8227B68C3F8BC2225
:10D270007B68D3F8BC227B68C3F8C0227B684FF080
:10D280000002C3F894227B684FF00002C3F8982292
:10D290007B684FF00002C3F89C227B684FF00002CD
:10D2A000C3F8A0227B68002283F8A4227B680022B6
:10D2B000C3F8C4227B68002283F8B4227B684FF055
:10D2C0000002C3F8A8227B684FF00002C3F8AC222A
:10D2D0007B68002283F8AD217B684FF00002C3F821
:10D2E000B0217B684FF00002C3F8B4217B680022B4
:10D2F00083F858217B68002283F85A217B684FF01D
:10D300000002C3F8A8217B68002283F8AC217B6867
:10D310004FF00002C3F8B8217B68002283F8BC21DB
:10D320007B68002283F8BD217B68002283F8BE2140
:10D330007B68002283F8BF217B68002283F8C0212C
:10D3400000E000BF0837BD4680BD80B584B000AFA7
:10D35000F86087ED020AC7ED010A87ED001A97ED24
:10D36000020AFBF78FFC0346002B03D0FB68BA6868
:10D37000C3F8E42097ED010AFBF784FC0346002B79
:10D3800003D0FB687A68C3F8E82097ED000AFBF742
:10D3900079FC0346002B03D0FB683A68C3F8EC2005
:10D3A000FB684FF00002C3F89422FB684FF00002C4
:10D3B000C3F89822FB684FF00002C3F89C22FB6878
:10D3C0004FF00002C3F8A022FB68002283F8A422D9
:10D3D00000BF1037BD4680BD80B582B000AF786019
:10D3E00087ED000A97ED000AFBF74CFC0346002B83
:10D3F0000BD07B683A68C3F8F0207B683A68C3F8C2
:10D40000F4207B683A68C3F8F82000BF0837BD46AF
:10D4100080BD80B584B000AFF86087ED020AC7ED2B
:10D42000010A97ED020AFBF72DFC0346002B07D0FB
:10D43000FB68BA68C3F8F420FB68BA68C3F8F02048
:10D4400097ED010AFBF71EFC0346002B03D0FB6897
:10D450007A68C3F8F82000BF1037BD4680BD0000D1
:10D4600080B58CB000AFF86087ED020AC7ED010A05
:10D4700087ED001AD7ED027AB0EE670AFBF702FCDF
:10D480000346002B0AD0D7ED017AB0EE670AFBF70E
:10D49000F9FB0346002B01D0012300E00023002B01
:10D4A00045D04FF00003BB6107F1080207F11803F4
:10D4B00011461846FBF7D0FA03461B687B614FF014
:10D4C0000003FB613A1D07F11C0311461846FBF7E8
:10D4D000C3FA03461B683B61D7ED047A9FED247ABB
:10D4E00077EE877AC7ED087A07F1200207F1140377
:10D4F00011461846FBF7B0FA03461A68FB68C3F8F2
:10D50000FC20FB68D3ED3F7A9FED197A77EEC77A5E
:10D51000C7ED097A07F1240207F1100311461846F6
:10D52000FBF7B3FA03461A68FB68C3F80021D7ED8E
:10D53000007AB0EE670AFBF7A5FB0346002B12D07A
:10D540004FF00003BB624FF07E53FB6207F12C02E9
:10D5500007F128013B461846FBF756FA03461A68BE
:10D56000FB68C3F8042100BF3037BD4680BD00BF53
:10D570000AD7233C80B58CB000AFF86087ED020A73
:10D58000C7ED010A87ED001AD7ED027AB0EE670AFF
:10D59000FBF778FB0346002B0AD0D7ED017AB0EEFB
:10D5A000670AFBF76FFB0346002B01D0012300E065
:10D5B0000023002B45D04FF00003BB6107F10802A8
:10D5C00007F1180311461846FBF746FA03461B6895
:10D5D0007B614FF00003FB613A1D07F11C0311460C
:10D5E0001846FBF739FA03461B683B61D7ED047A0E
:10D5F0009FED247A77EE877AC7ED087A07F120024B
:10D6000007F1140311461846FBF726FA03461A6879
:10D61000FB68C3F80821FB68D3ED427A9FED197AC5
:10D6200077EEC77AC7ED097A07F1240207F11003F4
:10D6300011461846FBF729FA03461A68FB68C3F837
:10D640000C21D7ED007AB0EE670AFBF71BFB03460F
:10D65000002B12D04FF00003BB624FF07E53FB62F1
:10D6600007F12C0207F128013B461846FBF7CCF9DD
:10D6700003461A68FB68C3F8102100BF3037BD4667
:10D6800080BD00BF0AD7233C80B52DED028B8AB048
:10D6900000AF786187ED040AC7ED030A87ED021A2F
:10D6A000C7ED011A97ED047AD7ED027AB4EEE77A66
:10D6B000F1EE10FA02D8F7EE007A49E097ED047A1D
:10D6C000D7ED037AB4EEE77AF1EE10FA02DBD7ED8C
:10D6D000017A3DE097ED037AD7ED027A77EE677A2B
:10D6E000C7ED097AD7ED097A9FED1D7AF4EEC77A76
:10D6F000F1EE10FA02D8F7EE007A29E097ED037AFE
:10D70000D7ED047A77EE676A97ED097AC6EE877AE5
:10D71000C7ED067AB7EE007AD7ED017A37EE678A61
:10D720004FF00003FB614FF07E533B6207F1200294
:10D7300007F11C0107F118031846FBF765F90346CA
:10D74000D3ED007A28EE277AD7ED017A77EE277AA3
:10D75000B0EE670A2837BD46BDEC028B80BD00BF26
:10D760000AD7233C80B58AB000AF786187ED040A00
:10D77000C7ED030A87ED021AC7ED011AD7ED047A47
:10D78000B0EE670AFBF77EFA0346002B0FD04FF08E
:10D790000003BB6107F1100207F118031146184698
:10D7A000FBF75AF903461A687B69C3F82021D7EDC5
:10D7B000037AB0EE670AFBF765FA0346002B0FD039
:10D7C0004FF00003FB6107F10C0207F11C03114647
:10D7D0001846FBF741F903461A687B69C3F8242110
:10D7E000D7ED027AB0EE670AFBF74CFA0346002B3E
:10D7F0000FD04FF000033B6207F1080207F120034E
:10D8000011461846FBF728F903461A687B69C3F8E6
:10D810002821D7ED017AB0EE670AFBF733FA034609
:10D82000002B0DD00A4B7B623A1D07F124031146F1
:10D830001846FBF711F903461A687B69C3F82C21D7
:10D84000786900F0F9F800BF2837BD4680BD00BFF9
:10D85000CDCCCC3D80B58AB000AF786187ED040AAD
:10D86000C7ED030A87ED021AC7ED011AD7ED047A56
:10D87000B0EE670AFBF706FA0346002B0FD04FF015
:10D880000003BB6107F1100207F1180311461846A7
:10D89000FBF7E2F803461A687B69C3F83021D7ED3D
:10D8A000037AB0EE670AFBF7EDF90346002B0FD0C1
:10D8B0004FF00003FB6107F10C0207F11C03114656
:10D8C0001846FBF7C9F803461A687B69C3F8342188
:10D8D000D7ED027AB0EE670AFBF7D4F90346002BC6
:10D8E0000FD04FF000033B6207F1080207F120035D
:10D8F00011461846FBF7B0F803461A687B69C3F86F
:10D900003821D7ED017AB0EE670AFBF7BBF9034681
:10D91000002B0DD00A4B7B623A1D07F12403114600
:10D920001846FBF799F803461A687B69C3F83C214F
:10D93000786900F081F800BF2837BD4680BD00BF80
:10D94000CDCCCC3D80B588B000AFF86087ED020A41
:10D95000C7ED010A87ED001AD7ED027AB0EE670A2B
:10D96000FBF790F90346002B0FD04FF000037B61CB
:10D9700007F1080207F1140311461846FBF76CF88B
:10D9800003461A68FB68C3F84021D7ED017AB0EE70
:10D99000670AFBF777F90346002B0ED04FF0000320
:10D9A000BB613A1D07F1180311461846FBF754F8FE
:10D9B00003461A68FB68C3F84421D7ED007AB0EE3D
:10D9C000670AFBF75FF90346002B0ED04FF0000308
:10D9D000FB613A4607F11C0311461846FBF73CF879
:10D9E00003461A68FB68C3F8482100BF2037BD46CC
:10D9F00080BD80B584B000AF786087ED000AD7EDB8
:10DA0000007AB0EE670AFBF73DF90346002B0ED013
:10DA10004FF00003FB603A4607F10C03114618462D
:10DA2000FBF71AF803461A687B68C3F84C2100BF5D
:10DA30001037BD4680BD000080B592B000AF786061
:10DA40007B6803F596727B6803F59E731946104652
:10DA5000FBF71BF803461B687B647B6803F5967233
:10DA60007B6803F59E7319461046FAF7F5FF0346E7
:10DA70001B683B647B6893ED4B7A7B68D3ED4F7AF0
:10DA8000B4EEE77AF1EE10FA94BF0123002387F891
:10DA90003F3097F83F30002B03D07B68D3F820311C
:10DAA00002E07B68D3F83031BB6397F83F30002B3E
:10DAB00003D07B68D3F8243102E07B68D3F834319B
:10DAC0007B6397F83F30002B03D07B68D3F8283175
:10DAD00002E07B68D3F838313B6397F83F30002B86
:10DAE00003D07B68D3F8303102E07B68D3F8203173
:10DAF000FB6297F83F30002B03D07B68D3F83431BA
:10DB000002E07B68D3F82431BB6297F83F30002BEA
:10DB100003D07B68D3F8383102E07B68D3F8283132
:10DB20007B62354BBB6097ED107AD7ED117A77EEBB
:10DB3000677AC7ED037A07F10C0207F10803114673
:10DB40001846FAF789FF03461B683B627B6893ED32
:10DB5000557AD7ED117A77EE676A97ED087AC6EEB7
:10DB6000877AC7ED047A4FF000037B614FF07E5354
:10DB7000BB6107F1180207F1140107F11003184601
:10DB8000FAF742FF03461B68FB6197ED0B7AD7ED6E
:10DB90000E7A37EE677AD7ED077A27EE277AD7ED38
:10DBA0000E7A77EE277A7B68C3ED457A97ED0A7A8D
:10DBB000D7ED0D7A37EE677AD7ED077A27EE277A19
:10DBC000D7ED0D7A77EE277A7B68C3ED467A97ED2D
:10DBD000097AD7ED0C7A37EE677AD7ED077A27EE18
:10DBE000277AD7ED0C7A77EE277A7B68C3ED477AF0
:10DBF00000BF4837BD4680BDCDCCCC3D80B586B09A
:10DC000000AFF86087ED020AC7ED010AD7ED027A8E
:10DC1000B0EE670AFBF736F80346002B0FD04FF043
:10DC200000033B6107F1080207F110031146184693
:10DC3000FAF712FF03461A68FB68C3F86C21D7EDA8
:10DC4000017AB0EE670AFBF71DF80346002B0ED0F1
:10DC50004FF000037B613A1D07F11403114618468B
:10DC6000FAF7FAFE03461A68FB68C3F8702100BF92
:10DC70001837BD4680BD80B58AB000AF786187EDAA
:10DC8000040AC7ED030A87ED021AC7ED011AD7EDA2
:10DC9000047AB0EE670AFAF7F5FF0346002B0FD0BF
:10DCA0004FF00003BB6107F1100207F118031146A2
:10DCB0001846FAF7D1FE03461A687B69C3F8742147
:10DCC000D7ED037AB0EE670AFAF7DCFF0346002BC4
:10DCD0000FD04FF00003FB6107F10C0207F11C03AA
:10DCE00011461846FAF7B8FE03461A687B69C3F86E
:10DCF0007821D7ED027AB0EE670AFAF7C3FF034640
:10DD0000002B0FD04FF000033B6207F1080207F130
:10DD1000200311461846FAF79FFE03461A687B69EE
:10DD2000C3F87C21D7ED017AB0EE670AFAF7AAFFB3
:10DD30000346002B0ED04FF000037B623A1D07F123
:10DD4000240311461846FAF787FE03461A687B69D2
:10DD5000C3F88021D7ED047A97ED037AD7ED026AF4
:10DD600097ED016AF0EE461AB0EE661AF0EE470A39
:10DD7000B0EE670A786900F01CF8D7ED047A97EDE9
:10DD8000037AD7ED026A97ED016AF0EE461AB0EE1B
:10DD9000661AF0EE470AB0EE670A786900F06FF88D
:10DDA0007B694FF00002C3F8A82100BF2837BD46A9
:10DDB00080BD80B58AB000AF786187ED040AC7EDF9
:10DDC000030A87ED021AC7ED011AD7ED047AB0EE07
:10DDD000670AFAF757FF0346002B0FD04FF00003F6
:10DDE000FB6107F1100207F11C0311461846FAF710
:10DDF00033FE03461A687B69C3F88421D7ED037AA2
:10DE0000B0EE670AFAF73EFF0346002B0FD04FF043
:10DE100000033B6207F10C0207F12003114618468C
:10DE2000FAF71AFE03461A687B69C3F88821D7ED12
:10DE3000027AB0EE670AFAF725FF0346002B15D0E9
:10DE40004FF000037B6207F1080207F1240311463B
:10DE50001846FAF701FE03461A687B69C3F88C215D
:10DE60007B69D3F88C217B69C3F890217B694FF0E3
:10DE70000002C3F8A82100BF2837BD4680BD80B589
:10DE80008AB000AF786187ED040AC7ED030A87ED19
:10DE9000021AC7ED011AD7ED047AB0EE670AFAF755
:10DEA000F1FE0346002B0FD04FF00003FB6107F19A
:10DEB000100207F11C0311461846FAF7CDFD034680
:10DEC0001A687B69C3F89421D7ED037AB0EE670A2C
:10DED000FAF7D8FE0346002B0FD04FF000033B6249
:10DEE00007F10C0207F1200311461846FAF7B4FDBA
:10DEF00003461A687B69C3F89821D7ED027AB0EE21
:10DF0000670AFAF7BFFE0346002B15D04FF0000357
:10DF10007B6207F1080207F1240311461846FAF75D
:10DF20009BFD03461A687B69C3F89C217B69D3F883
:10DF30009C217B69C3F8A0217B694FF00002C3F8E4
:10DF4000A82100BF2837BD4680BD80B582B000AF94
:10DF5000786087ED000A7B68D3ED3F7A7B6893EDAC
:10DF6000407A7B68D3ED416AF0EE661AB0EE471A4C
:10DF7000F0EE670A97ED000A7868FFF785FBF0EE90
:10DF8000407AB0EE670A0837BD4680BD80B582B0E2
:10DF900000AF786087ED000A7B68D3ED427A7B683A
:10DFA00093ED437A7B68D3ED446AF0EE661AB0EEE7
:10DFB000471AF0EE670A97ED000A7868FFF764FBEE
:10DFC000F0EE407AB0EE670A0837BD4680BD80B5F6
:10DFD00084B000AF786087ED000AD7ED007AB0EE2C
:10DFE000670AFAF74FFE0346002B0ED04FF00003EE
:10DFF000FB603A4607F10C0311461846FAF72CFD70
:10E0000003461A687B68C3F8C42100BF1037BD46B9
:10E0100080BD80B586B000AFF86087ED020AC7ED1D
:10E02000010AD7ED027AB0EE670AFAF72BFE034633
:10E03000002B0FD04FF000033B6107F1080207F1FE
:10E04000100311461846FAF707FD03461A68FB68E5
:10E05000C3F8C821D7ED017AB0EE670AFAF712FECD
:10E060000346002B0ED04FF000037B613A1D07F1F1
:10E07000140311461846FAF7EFFC03461A68FB68CA
:10E08000C3F8CC2100BF1837BD4680BD80B584B031
:10E0900000AF786087ED000AD7ED007AB0EE670A2E
:10E0A000FAF7F0FD034683F00103DBB2002B28D121
:10E0B000164BBB60164BFB6007F10C0207F1080121
:10E0C0003B461846FAF7A0FC0346D3ED007AFCEE77
:10E0D000E77A17EE902A7B68C3F8D0217B6800228C
:10E0E000C3F8C4227B68002283F8B4227B684FF017
:10E0F0000002C3F8A8227B684FF00002C3F8AC22EC
:10E1000000E000BF1037BD4680BD00BF0000A0404A
:10E110000000C84280B58AB000AFF86087ED020AFF
:10E12000C7ED010A87ED001AD7ED027AB0EE670A53
:10E13000FAF7A8FD0346002B13D04FF000033B6114
:10E140004FF07E537B6107F1140207F1100107F1D4
:10E1500008031846FAF758FC03461A68FB68C3F828
:10E16000D421D7ED017AB0EE670AFAF78BFD0346AA
:10E17000002B12D04FF00003BB614FF07E53FB61C8
:10E1800007F11C0207F118013B1D1846FAF73CFC89
:10E1900003461A68FB68C3F8D821D7ED007AB0EEC1
:10E1A000670AFAF76FFD0346002B1DD04FF00003FE
:10E1B0003B623A4607F1200311461846FAF74CFC39
:10E1C00003461A68FB68C3F8E0214FF000037B6246
:10E1D0003A4607F1240311461846FAF73DFC034678
:10E1E0001A68FB68C3F8DC2100BF2837BD4680BD34
:10E1F00080B584B000AF786087ED000AD7ED007A73
:10E20000B0EE670AFAF73EFD0346002B0ED04FF042
:10E210000003FB603A4607F10C0311461846FAF773
:10E220001BFC03461A687B68C3F8DC2100BF10376B
:10E23000BD4680BD80B588B000AFF86087ED020AAA
:10E24000C7ED010A87ED001AD7ED027AB0EE670A32
:10E25000FAF718FD0346002B0FD04FF000033B6187
:10E2600007F1080207F1100311461846FAF7F4FB0C
:10E2700003461A68FB68C3F8E821D7ED017AB0EECF
:10E28000670AFAF7FFFC0346002B10D0164B7B61A0
:10E29000164BBB6107F1180207F114013B1D18462C
:10E2A000FAF7B2FB03461A68FB68C3F8EC21D7ED16
:10E2B000007AB0EE670AFAF7E5FC0346002B0ED0B1
:10E2C0004FF00003FB613A4607F11C031146184664
:10E2D000FAF7C2FB03461A68FB68C3F8F02100BFD7
:10E2E0002037BD4680BD00BF0000A0400000F042C6
:10E2F00080B584B000AFF860B9607A60FAF766FA6A
:10E300000346002B07D07B681A68BB681B689A42DB
:10E3100001DA012300E00023002BB968F86801F05E
:10E3200029FB03467968184601F038FB0346184676
:10E330001037BD4680BD80B58CB000AFF86087ED6A
:10E34000020AC7ED010A87ED001A97ED020AFAF7F3
:10E3500099FC0346002B1BD097ED020AFAF7B6FC96
:10E3600003463B6102237B610523BB6107F1180271
:10E3700007F1140107F110031846FFF7B9FF034630
:10E380001B6887F82F30FB6897F82F2083F804224A
:10E39000D7ED017AB0EE670AFAF774FC0346002B5A
:10E3A0000ED04FF00003FB613A1D07F11C0311462C
:10E3B0001846FAF751FB03461A68FB68C3F80822AF
:10E3C00097ED000AFAF75EFC0346002B1BD097ED91
:10E3D000000AFAF77BFC03463B6200237B620323BF
:10E3E000BB6207F1280207F1240107F12003184658
:10E3F000FFF77EFF03461B6887F82E30FB6897F80F
:10E400002E2083F80C2200BF3037BD4680BD0000AF
:10E4100080B58AB000AFF86087ED020AC7ED010A47
:10E4200087ED001AD7ED027AB0EE670AFAF72AFCF8
:10E430000346002B16D0294B7B61294BBB6107F1AA
:10E44000180207F1140107F108031846FAF7DCFA7D
:10E450000346D3ED007AFCEEE77A17EE902AFB68CC
:10E46000C3F8F821D7ED017AB0EE670AFAF70AFC93
:10E470000346002B16D04FF00003FB61184B3B62A4
:10E4800007F1200207F11C013B1D1846FAF7BCFA00
:10E490000346D3ED007AFCEEE77A17EE902AFB688C
:10E4A000C3F8FC21D7ED007AB0EE670AFAF7EAFB71
:10E4B0000346002B0ED04FF000037B623A4607F173
:10E4C000240311461846FAF7C7FA03461A68FB6890
:10E4D000C3F8002200BF2837BD4680BD00002041A0
:10E4E0000000A04280B584B000AF786087ED000ADC
:10E4F000D7ED007AB0EE670AFAF7C4FB0346002BAB
:10E500000ED04FF00003FB603A4607F10C031146B2
:10E510001846FAF7A1FA03461A687B68C3F8F42193
:10E5200000BF1037BD4680BD80B584B000AF7860B5
:10E5300087ED000AD7ED007AB0EE670AFAF7A2FB82
:10E540000346002B0ED04FF00003FB603A4607F164
:10E550000C0311461846FAF77FFA03461A687B68DF
:10E56000C3F8102200BF1037BD4680BD80B483B011
:10E5700000AF786039603B681B7A002B28D03B687D
:10E580005A897B68A3F8C0207B68012283F8BE20EB
:10E590003B681A697B68C3F8C8203B681B6807EEB4
:10E5A000903AF8EEE77A9FED0D7A67EE877A7B680E
:10E5B000C3ED867A3B685B6807EE903AF8EEE77A3F
:10E5C0009FED067A67EE877A7B68C3ED877A00E075
:10E5D00000BF0C37BD465DF8047B70470AD7233C6B
:10E5E00080B584B000AFF86087ED020A7960FB68FF
:10E5F000BA68C3F83022FB68BA68C3F83422FB68F3
:10E600004FF00002C3F83822FB684FF00002C3F855
:10E610002022FB68BA68C3F82422FB687A68C3F832
:10E620002822FB68012283F82C22FB68BA68C3F811
:10E630003C22FB68BA68C3F84022FB68BA68C3F89A
:10E640004422FB687A68C3F84822FB68D3ED7B7AE2
:10E65000FCEEE77A17EE902AFB68C3F84C22FB68C1
:10E66000BA68C3F88022FB684FF00002C3F8842226
:10E67000FB68012283F88822FB687A68C3F890223D
:10E68000FB687A68C3F87C22796897ED020AF8681B
:10E6900000F004F800BF1037BD4680BD80B584B0DF
:10E6A00000AFF86087ED020A7960FB68002283F80A
:10E6B0007822FB68002283F87922796897ED020AB4
:10E6C000F86800F005F800BF1037BD4680BD0000B7
:10E6D00080B485B000AFF86087ED020A7960FB680E
:10E6E00093F87832F96803F14A02D2000A44B96813
:10E6F0001160FA684A33DB0013447A685A60FB6899
:10E7000093F87832591C0F4BA3FB01239A08134648
:10E710009B001344CA1AD2B2FB6883F87822FB68C4
:10E7200093F87932042B07D8FB6893F879320133D8
:10E73000DAB2FB6883F8792200BF1437BD465DF872
:10E74000047B7047CDCCCCCC80B588B000AFF860EE
:10E7500087ED020A7960FB6893F82C3283F001039D
:10E76000DBB2002B11D0FB68BA68C3F82422FB6827
:10E770007A68C3F82822FB68012283F82C22FB6800
:10E780004FF00002C3F820223EE0FB68D3F82832A5
:10E790007A68D31AFB61FB69042B35D9FB6907EE54
:10E7A000903AF8EE677A9FED1A7A67EE877AC7EDAE
:10E7B000067AFB68D3ED897A97ED027A77EE676A7D
:10E7C00097ED067AC6EE877AC7ED047AFB68D3ED3B
:10E7D0007A7AF1EE677AC7ED057AFB6803F5F47291
:10E7E00007F1140107F110031846FAF70DF9034673
:10E7F0001A68FB68C3F82022FB68BA68C3F82422B1
:10E80000FB687A68C3F828222037BD4680BD00BF68
:10E810006F12833A80B588B000AF786039607B684A
:10E8200093F8883283F00103DBB2002B4DD17B6873
:10E83000D3F890323A68D31AFB60FB68042B46D9B0
:10E840007B6803F5FE7207F10C031146184601F0D0
:10E85000B9F803461B68FB617B6893ED8E7AFB6910
:10E8600007EE903AF8EE677A67EE277A9FED1A7A0C
:10E8700067EE877AC7ED047A7B68D3ED807AF1EE94
:10E88000677AC7ED057A7B6803F5007207F114011A
:10E8900007F110031846FAF7B7F803461B68BB6187
:10E8A0007B6893ED8C7AD7ED067A77EE277A7B68D2
:10E8B000C3ED8C7A7B68D3F830227B68C3F83422AE
:10E8C0007B683A68C3F8902202E000BF00E000BF16
:10E8D0002037BD4680BD00BF6F12833A80B483B03D
:10E8E00000AF786039607B681A683B681B689A42A1
:10E8F00001D23B6800E07B6818460C37BD465DF8E6
:10E90000047B704780B58EB000AFF86087ED020AD7
:10E9100079603A60FB68D3F828327B63FB6893F830
:10E920002C3287F83330796897ED020AF868FFF7E0
:10E930000BFFFB6893F8883283F00103DBB2002BF6
:10E9400006D0396897ED020AF868FFF749FEA0E0A3
:10E950003968F868FFF75EFFFB68D3ED8F7A97EDB3
:10E96000027A77EE677AB0EE670AFEF7CCF8B0EE7F
:10E97000407AFB68D3ED777AB4EEE77AF1EE10FADD
:10E9800003D5FB68D3F83C3200E0BB68FB6297F824
:10E990003330002B03D07A687B6BD31A00E0052359
:10E9A0003B6107F110033C491846FFF797FF034608
:10E9B0001B68BB62BB6A07EE903AF8EE677A9FED80
:10E9C000377A67EE877AC7ED097AFB68D3ED8C7AE0
:10E9D00097ED0B7A77EE677AC7ED057AFB68D3ED92
:10E9E0007C7AF1EE677AC7ED067AFB6803F5F87278
:10E9F00007F1180107F114031846FAF705F8034662
:10EA00001B683B62FB6893ED8C7AFB68D3ED756AFB
:10EA1000D7ED087A66EEA77A77EE277AFB68C3ED22
:10EA20008C7AFB6893ED8E7AFB68D3ED766AD7ED2E
:10EA3000087A26EEA76AD7ED096AC6EE267A77EE3F
:10EA4000277AFB68C3ED8E7AFB6803F50E70FB68CE
:10EA5000D3ED7A7AF1EE677AC7ED077AFB6803F5B2
:10EA6000F47207F11C031946F9F7CEFF03461A6842
:10EA7000FB68C3F83822FB68D3F83022FB68C3F880
:10EA80003422FB68FA6AC3F83C22FB683A68C3F890
:10EA900090223837BD4680BDA84601086F12833AE0
:10EAA00080B485B000AFF860B9601346FB71FB68B5
:10EAB000D3F8303207EE903AB0EE670A1437BD460D
:10EAC0005DF8047B704780B584B000AFF860B96032
:10EAD0007A607B68002B38D0FB68D3F818227B68FB
:10EAE0001A60FB68D3F820227B685A60FB68D3F871
:10EAF00034227B689A600122B968F868FFF7D0FF7A
:10EB0000F0EE407A7B68C3ED037AFB68D3F83822D5
:10EB10007B681A617B6801221A75FB68B3F8C02014
:10EB20007B68DA827B68BA689A61FB68D3F8C83080
:10EB3000002B05D0FB68D3F8C830BA68D31A01E0BF
:10EB400042F20F737A68D36100E000BF1037BD4610
:10EB500080BD80B584B000AFF860B9607A607B6832
:10EB6000002B01D1002398E07B6800221A75FB6816
:10EB7000D3F818227B681A60FB68D3F820227B68E0
:10EB80005A60FB68D3F834227B689A60FB68D3F83C
:10EB900030227B68DA60FB68D3F838227B681A6120
:10EBA000FB68B3F8C0207B68DA827B68BA689A6138
:10EBB000FB68D3F8C830002B05D0FB68D3F8C83009
:10EBC000BA68D31A01E042F20F737A68D361B96868
:10EBD000F86800F066F8034683F00103DBB2002B0F
:10EBE00018D0FB68002283F88C22FB68002283F88F
:10EBF0008822FB684FF00002C3F83822FB684FF010
:10EC00000002C3F88422FB684FF00002C3F8202200
:10EC1000002342E0FB6893F88C32002B16D0FB688F
:10EC2000B3F8C020FB68B3F88A329A420ED1FB6871
:10EC300093F8883283F00103DBB2002B01D000236C
:10EC40002BE0B968F868FFF7E5FD16E0FB68B3F85C
:10EC5000C020FB68A3F88A22FB68012283F88C227B
:10EC6000FB68D3ED867AFB68D3F8C830BA681946DA
:10EC7000B0EE670AF868FFF745FE7A68B968F86889
:10EC8000FFF721FF7B68DA68FB68C3F880227B68A6
:10EC90001A69FB68C3F88422012318461037BD4661
:10ECA00080BD80B483B000AF786039607B6893F832
:10ECB000BE30002B0BD07B68D3F8C8303A68D21A2C
:10ECC0007B68D3F8CC309A4201D8012300E00023BE
:10ECD00018460C37BD465DF8047B704780B52DEDB6
:10ECE000028BBAB000AFF860B9607A60FB6893F845
:10ECF000BC3083F00103DBB2002B40F02C86BB68F4
:10ED00001B7D002B34D1FB68002283F8C420FB68F4
:10ED1000002283F8B422FB684FF00002C3F8A82257
:10ED2000FB684FF00002C3F8AC22FB680022C3F876
:10ED3000C422FB684FF00002C3F8B821FB68002230
:10ED400083F8AC21FB68002283F8BC21FB68002219
:10ED500083F8BD21FB68002283F8BE21FB680022F6
:10ED600083F8BF21FB68002283F8C02100F0F8BDC2
:10ED7000FB68D3F8C432002B0AD0FB68D3F8C43246
:10ED80007A68D21AFB68D3F8D0319A42C0F0E58590
:10ED9000FB6893F85931002B21D0BB68D3ED037A7F
:10EDA000B0EE670AFDF7AFFEF0EE407A9FEDBD7A58
:10EDB000F4EEC77AF1EE10FA11D8BB68D3ED047AFD
:10EDC000B0EE670AFDF79FFEF0EE407A9FEDB67A4F
:10EDD000F4EEC77AF1EE10FA01D8012300E0002327
:10EDE000002B02D0F868FEF7A9F8FB6893F85A31B7
:10EDF000012B03D1FB68D3F85C3102E0FB68D3F848
:10EE00006031C7F8D430BB68D3ED037A97ED357A1B
:10EE100077EE677AC7ED347AFB68D3ED6D7AF5EE5D
:10EE2000C07AF1EE10FAACBF0123002387F8CF308F
:10EE300097F8CF30002B03D0FB68D3F8843102E081
:10EE4000FB68D3F89431C7F8C83097F8CF30002B5F
:10EE500003D0FB68D3F8883102E0FB68D3F898311F
:10EE6000C7F8C43097F8CF30002B03D0FB68D3F835
:10EE70008C3102E0FB68D3F89C31C7F8C03097F8BA
:10EE8000CF30002B03D0FB68D3F8903102E0FB6851
:10EE9000D3F8A031C7F8BC30D7ED327AF5EEC07A9E
:10EEA000F1EE10FA3ADDD7ED307AF5EEC07AF1EEF8
:10EEB00010FA33DDD7ED2F7AF5EEC07AF1EE10FAC5
:10EEC0002CDD97ED340AFDF71EFEB0EE407AFB68AC
:10EED000D3ED697AB4EEE77AF1EE10FA1EDD97ED24
:10EEE000340AFDF710FEB0EE407AD7ED327AF4EE38
:10EEF000C77AF1EE10FA11DBBB68D3ED047AB0EEFD
:10EF0000670AFDF700FEB0EE407AD7ED317AF4EEF5
:10EF1000C77AF1EE10FA01DB012300E0002387F845
:10EF2000BB30FB6893F85831002B34D0FB6893F862
:10EF30005A31012B2FD1BB6893ED037AFB68D3EDD7
:10EF4000577A77EE677AB0EE670AFDF7DCFDB0EE30
:10EF5000407AFB68D3ED597AB4EEE77AF1EE10FA15
:10EF600019D8BB68D3ED047AB0EE670AFDF7CBFD84
:10EF7000B0EE407AFB68D3ED5A7AB4EEE77AF1EE60
:10EF800010FA08D897F8BB3083F00103DBB2002BEE
:10EF900001D0012300E00023002B0CD0FB680222EB
:10EFA00083F85A21FB68D3ED587AB0EE670AF86807
:10EFB000FEF784F844E0FB6893F85831002B34D016
:10EFC000FB6893F85A31022B2FD1BB6893ED037A7B
:10EFD000FB68D3ED587A77EE677AB0EE670AFDF7F3
:10EFE00092FDB0EE407AFB68D3ED597AB4EEE77A41
:10EFF000F1EE10FA19D8BB68D3ED047AB0EE670AC7
:10F00000FDF781FDB0EE407AFB68D3ED5A7AB4EE9D
:10F01000E77AF1EE10FA08D897F8BB3083F00103D5
:10F02000DBB2002B01D0012300E00023002B07D02E
:10F03000FB68002283F85A21FB68002283F85821DC
:10F04000FB68D3F8C432002B0BD1FB68D3F8D03166
:10F0500007EE903AF8EE677A9FED147A67EE877ABA
:10F060000CE0FB68D3F8C4327A68D31A07EE903A02
:10F07000F8EE677A9FED0D7A67EE877AC7ED2D7A05
:10F08000FB687A68C3F8C422FB6893F8B432002B9B
:10F0900012D0BB6893ED037AFB68D3EDAC7A77EEC0
:10F0A000677A0BE03333333FCDCC4C3F6F12833A5A
:10F0B00035FA8E3C000000005FED027AC7ED2C7A35
:10F0C000FB68D7F8B020C3F8A822FB68012283F8B8
:10F0D000B422BB68DA68FB68C3F8B022FB6893ED22
:10F0E000347ABB68D3ED037A77EE677AC7ED2B7A73
:10F0F000D7F8AC30C7F8E430D7F8B030C7F8E03014
:10F1000097ED390AFDF7FFFCB0EE407AFB68D3EDCE
:10F11000727AB4EEE77AF1EE10FA4CBF01230023C5
:10F12000DBB2002B03D04FF00003C7F8E43097EDBB
:10F13000380AFDF7E8FCF0EE406AFB6893ED737A5D
:10F14000D7ED2D7A67EE277AF4EEE76AF1EE10FA42
:10F150004CBF01230023DBB2002B03D04FF0000390
:10F16000C7F8E030FB68D7F8E020C3F8AC22D7ED51
:10F170002D7AF5EEC07AF1EE10FA24DDFB6893EDFE
:10F18000A57AD7ED396AD7ED2D7A66EEA77A77EEB4
:10F19000277AFB68C3EDA57AFB6803F52570FB6849
:10F1A000D3ED857AF1EE677AC7ED077AFB6803F550
:10F1B000057207F11C031946F9F726FC03461A6885
:10F1C000FB68C3F89422FB68D7F8E420C3F89822C0
:10F1D000FB6893EDAE7AFB68D3ED717A5FED4C6A14
:10F1E00067EEA67A77EE677AC7ED067AFB6893ED4D
:10F1F000AE7AFB68D3ED717A5FED536A67EEA67A5B
:10F2000077EE277AC7ED057AD7ED2D7AF5EEC07A3D
:10F21000F1EE10FA06DDD7ED386A97ED2D7AC6EEDD
:10F22000877A01E05FED5D7AC7ED2A7ABB681B69DA
:10F23000C7F8A43097ED390AFDF765FC87ED280A79
:10F2400097ED2B0AFDF75FFC87ED270A97ED280A5B
:10F25000F868FEF77AFE87ED260A97ED280AF86827
:10F26000FEF794FE87ED250AFB6893ED397AD7ED1A
:10F27000397A27EE277AFB68D3ED3A6AFB68D3ED3B
:10F28000A57A66EEA77A77EE277AC7ED247AFB682F
:10F29000D3ED3B7AF1EE677A97ED2A7A67EE277A1B
:10F2A000C7ED237AFB68D3ED6D7AF5EE407AF1EE87
:10F2B00010FA03D0FB68D3F8B4310AE0D7ED2B7A0B
:10F2C000F5EEC07AF1EE10FA02DB4FF07E5300E06B
:10F2D000A94BC7F8883097ED2B7AD7ED227A67EEE5
:10F2E000277AF5EEC07AF1EE10FACCBF01230023A5
:10F2F00087F8873097ED297AD7ED227A67EE277A5B
:10F30000C7ED207A97ED2B7AD7ED227A67EE277A30
:10F31000F5EEC07AF1EE10FA4CBF0123002387F816
:10F320007F3097F87F30002B0BD0FB68D3ED737ADA
:10F3300097ED207AB4EEE77AF1EE10FA01DD0123C1
:10F3400000E0002387F87E3097ED2B0AFDF7DBFB0A
:10F35000B0EE407AFB68D3ED5B7AB4EEE77AF1EE7B
:10F3600010FA0FD897ED290AFDF7CDFBB0EE407AE1
:10F37000FB68D3ED5C7AB4EEE77AF1EE10FA01D8CF
:10F38000012300E0002387F87D30D7ED227AF5EEE7
:10F39000C07AF1EE10FAACBF0123002387F87C306D
:10F3A00097F87C30002B03D0FB68D3F8843102E05F
:10F3B000FB68D3F89431BB6797F87C30002B03D0FF
:10F3C000FB68D3F8883102E0FB68D3F898317B679B
:10F3D00097F87C30002B03D0FB68D3F88C3102E027
:10F3E000FB68D3F89C313B67D7ED1E7AF5EEC07A07
:10F3F000F1EE10FA08DDD7ED1C7AF5EEC07AF1EEE9
:10F4000010FA01DD012300E0002387F86F3097F840
:10F410006F30002B01D0BB6F01E04FF00003BB66E3
:10F4200097F86F30002B01D07B6F01E04FF00003A5
:10F430007B66D7ED1A7AF5EEC07AF1EE10FA0CD9A8
:10F44000D7ED1A7A9FED4D7A77EE877A97ED277A86
:10F45000B4EEE77AF1EE10FA04DDFB68002283F8DF
:10F46000AC211EE097ED277AD7ED1A7AB4EEE77A51
:10F47000F1EE10FA0ED897ED290AFDF744FBB0EE35
:10F48000407AD7ED197AF4EEC77AF1EE10FA01DB83
:10F49000012300E00023002B03D0FB68012283F846
:10F4A000AC21D7ED1A7AF5EEC07AF1EE10FA20DD34
:10F4B00097ED2B0AFDF727FBB0EE407AD7ED1A7ACD
:10F4C000F4EEC77AF1EE10FA13DB97ED290AFDF797
:10F4D0001AFBB0EE407AD7ED197AF4EEC77AF1EE66
:10F4E00010FA04DAFB6893F8AC31002B01D0012349
:10F4F00000E0002387F86330FB6893ED347AFB6803
:10F50000D3ED466AD7ED227A66EEA77A77EE677A70
:10F51000C7ED177ABB6893ED037AD7ED177A77EECC
:10F52000677A97ED227A67EE277AC7ED167A97ED1C
:10F530002B0AFDF7E8FAB0EE407AFB68D3ED5B7A70
:10F54000B4EEE77AF1EE10FA1ADD97ED290AFDF72D
:10F55000DAFAB0EE407AFB68D3ED737AB4EEE77A6C
:10F56000F1EE10FA0CD8D7ED167AF5EEC07AF1EE7E
:10F5700010FA05DD012304E0000080BF3333B33E01
:10F58000002387F857304FF00003C7F8DC30FB68E2
:10F5900093F8AD31002B12D0FB68D3ED6C7A97ED68
:10F5A000227AB4EE677AF1EE10FA08D0FB680022F6
:10F5B00083F8AD21FB684FF00002C3F8B021FB686F
:10F5C000D3ED457AF5EEC07AF1EE10FA28D9FB6852
:10F5D000D3ED6D7AF5EE407AF1EE10FA20D097F87F
:10F5E000873083F00103DBB2002B06D097F87E3022
:10F5F00083F00103DBB2002B12D197F87D30002B92
:10F600000ED197F86330002B0AD197F85730002BB2
:10F6100006D1D7ED167AF5EEC07AF1EE10FA09D8D8
:10F62000FB68002283F8AD21FB684FF00002C3F8AD
:10F63000B02112E0FB68D3ED737A97ED207AB4EE37
:10F64000E77AF1EE10FA08DDFB68012283F8AD21BC
:10F65000FB68D7F88820C3F8B021FB6893F8AD3178
:10F66000002B66D0FB68D3ED457A97ED167A67EEEE
:10F67000277AC7ED147A4FF000033B62FB68D3EDA5
:10F68000517A97ED207A77EE677AC7ED097A07F11C
:10F69000240207F1200311461846F9F7DDF9034665
:10F6A0001B68FB64FB6893ED507AD7ED137A67EE25
:10F6B000277AC7ED0A7AFB6803F5A47207F12803DD
:10F6C00011461846F9F7E1F903461B68BB64D7ED0C
:10F6D000227AF5EEC07AF1EE10FA0BD5FB68D3ED85
:10F6E000537AF5EEC07AF1EE10FA03DBFB68D3F83B
:10F6F0004C3102E0FB68D3F81C313B61D7ED227A34
:10F70000B1EE678A97ED147AD7ED127A77EE277A01
:10F71000C7ED0B7A07F1100207F12C0311461846CA
:10F72000F9F7B3F90346D3ED007A68EE277AC7ED0F
:10F73000377A4FF00003C7F8D83097F86F30002BB6
:10F7400029D0FB6893F8AD3183F00103DBB2002BC5
:10F7500021D097ED277AD7ED1E7AB4EEE77AF1EE55
:10F7600010FA18D8FB68D3ED697A97ED277AB4EED2
:10F77000E77AF1EE10FA0EDD97ED290AFDF7C3F9ED
:10F78000B0EE407AD7ED1D7AF4EEC77AF1EE10FABA
:10F7900001DB012300E0002387F8473097F847306A
:10F7A000002B13D0D7ED2B7AF5EEC07AF1EE10FADC
:10F7B00002DB4FF07E5300E06C4B3B6497ED107A18
:10F7C000D7ED1C7A67EE277AC7ED367AFB6893F897
:10F7D000AD21FB6883F8BC21FB68D7F8DC20C3F8B7
:10F7E000B821FB6897F8472083F8BD21FB68002209
:10F7F00083F8BE21FB6897F87D2083F8BF21FB6862
:10F8000097F8572083F8C02197F84730002B05D090
:10F81000FB68D7F8D820C3F8A8210EE097F86F301E
:10F82000002B05D0FB684FF00002C3F8A82104E0CC
:10F83000FB684FF00002C3F8A821FB68D3ED347ACF
:10F84000F5EEC07AF1EE10FA03DBFB68D3F8F43082
:10F8500002E0FB68D3F8F830FB63FB6893ED347A81
:10F86000D7ED0F7A27EE277AD7ED266AD7ED247ADF
:10F8700066EEA77A37EE277AD7ED256AD7ED237A99
:10F8800066EEA77A37EE277AD7ED377A37EE277A02
:10F89000FB68D3ED6A7A77EE277AC7ED0E7AFB68BC
:10F8A00093EDAE7AD7ED0E7ADFED316A67EEA67A88
:10F8B00077EE277AC7ED0C7A07F1140207F11801E9
:10F8C00007F130031846F9F79FF803461A68FB68FA
:10F8D000C3F8BC22FB68D3F89C22FB68C3F8A022C3
:10F8E000FB68D7F8E420C3F89C22FB68012283F868
:10F8F000A422FB6893EDAF7AFB68D3EDB07A77EE84
:10F90000677AC7ED0D7A97ED0D0AFDF7FCF8B0EEBA
:10F91000407AFB68D3ED847ADFED156A67EEA67A4C
:10F92000B4EEE77AF1EE10FA4CBF01230023DBB20C
:10F93000002B14D1FB68D3F8BC22FB68C3F8C022AB
:10F94000FA68FB68D3EDB07AB0EE670A0221104680
:10F9500000F0ECFB04E000BF02E000BF00E000BFED
:10F96000E837BD46BDEC028B80BD00BF000080BF04
:10F9700035FA8E3C80B483B000AF786039607B6824
:10F980001A683B681B689A4201DA3B6800E07B68B2
:10F9900018460C37BD465DF8047B704780B483B0D1
:10F9A00000AF786039603B681A687B681B689A42D0
:10F9B00001DA3B6800E07B6818460C37BD465DF80D
:10F9C000047B704780B483B000AF786039603B68D7
:10F9D0001A687B681B689A4201D23B6800E07B682A
:10F9E00018460C37BD465DF8047B704780B582B081
:10F9F00000AF87ED010AC7ED000AD7ED000A97EDC9
:10FA0000010A00F0DBFEF0EE407AB0EE670A08373C
:10FA1000BD4680BD80B483B000AF87ED010A97ED8D
:10FA2000017AD7ED017AB4EE677AF1EE10FA6CBF85
:10FA300001230023DBB2002B14BF01230023DBB220
:10FA400018460C37BD465DF8047B704780B483B020
:10FA500000AF78607B684FF000025A627B684FF01D
:10FA600000029A627B684FF00002DA627B684FF016
:10FA700000021A6300BF0C37BD465DF8047B704777
:10FA800080B584B000AF786087ED000A7B6893EDA5
:10FA9000007AD7ED007A77EE677AC7ED037A7B6854
:10FAA0001B79002B67D17B6893ED0B7AD7ED037A36
:10FAB00077EE277A7B68C3ED0B7A7B68D3ED057A06
:10FAC000B0EE670AFFF7A6FF034683F00103DBB23F
:10FAD000002B0ED07B6893ED0B7A7B68D3ED057A13
:10FAE000B4EEE77AF1EE10FA03DB7B685A697B68C3
:10FAF000DA627B68D3ED067AB0EE670AFFF78AFF19
:10FB0000034683F00103DBB2002B0ED07B6893ED3C
:10FB10000B7A7B68D3ED067AB4EEE77AF1EE10FA51
:10FB200003D87B689A697B68DA627B6893ED027A16
:10FB3000D7ED037A27EE277A7B68D3ED036A7B68DB
:10FB4000D3ED0B7A66EEA77A37EE277A7B68D3ED92
:10FB5000046A7B68D3ED097A97ED036A76EE677ADB
:10FB600066EEA77A77EE277A7B68C3ED0C7A7B681E
:10FB7000FA685A623CE07B681B79012B38D17B68BC
:10FB800093ED0C7A7B68D3ED026A7B68D3ED097A3A
:10FB900097ED036A76EE677A66EEA76A7B6893ED67
:10FBA000036AD7ED037A66EE277A76EEA76A7B685A
:10FBB00093ED046A7B68D3ED097A77EEA77AD7EDE7
:10FBC000035A75EEE75A7B68D3ED0A7A75EEA77A89
:10FBD00066EE277A76EEA77A77EE277A7B68C3ED12
:10FBE0000C7A7B685A6A7B689A627B68FA685A6208
:10FBF0007B68D3ED077AB0EE670AFFF70BFF034689
:10FC000083F00103DBB2002B0ED07B6893ED0C7AFE
:10FC10007B68D3ED077AB4EEE77AF1EE10FA03DBF6
:10FC20007B68DA697B681A637B68D3ED087AB0EE8B
:10FC3000670AFFF7EFFE034683F00103DBB2002BF8
:10FC40000ED07B6893ED0C7A7B68D3ED087AB4EE26
:10FC5000E77AF1EE10FA03D87B681A6A7B681A63B8
:10FC60007B681B6B07EE903AB0EE670A1037BD4613
:10FC700080BD80B584B000AF87ED030AC7ED020AEE
:10FC800087ED011A97ED037AD7ED027A77EE676A6E
:10FC900097ED017AD7ED027A77EE677AF0EE670A90
:10FCA000B0EE660AFFF7A2FE87ED030AD7ED037AEE
:10FCB000F5EEC07AF1EE10FA06D597ED037AD7ED9E
:10FCC000017A77EE277A05E097ED037AD7ED027A8D
:10FCD00077EE277AB0EE670A1037BD4680BD000088
:10FCE00080B483B000AF87ED010AC7ED000A07E0DA
:10FCF000D7ED017A9FED2E7A77EEC77AC7ED017ABC
:10FD000097ED017AD7ED007A77EE677A9FED287A42
:10FD1000F4EEC77AF1EE10FAEADC07E0D7ED017AEB
:10FD20009FED237A77EE877AC7ED017A97ED017A16
:10FD3000D7ED007A77EE677A9FED1E7AF4EEC77AF8
:10FD4000F1EE10FAEAD497ED017AD7ED007A77EE6A
:10FD5000677A9FED197AF4EEC77AF1EE10FA08DDB2
:10FD6000D7ED017A9FED127A77EEC77AC7ED017A67
:10FD700014E097ED017AD7ED007A77EE677A9FED80
:10FD80000F7AF4EEC77AF1EE10FA07D5D7ED017AC3
:10FD90009FED077A77EE877AC7ED017A7B6807EEE9
:10FDA000903AB0EE670A0C37BD465DF8047B7047A9
:10FDB000DB0FC940DB0FC9C0DB0F4940DB0F49C077
:10FDC00080B584B000AF786087ED000A7B68D3ED22
:10FDD000287AF1EE677AC7ED037A7B6803F1A00217
:10FDE00007F10C013B461846F8F70EFE03461B6868
:10FDF00007EE903AB0EE670A1037BD4680BD80B579
:10FE000082B000AF786087ED000A7B6893F8A43079
:10FE100083F00103DBB2002B01D03B680BE07B6871
:10FE200003F1A8017B6803F1AC023B461846F8F7E2
:10FE3000EBFD03461B6807EE903AB0EE670A083701
:10FE4000BD4680BD80B586B000AF78604FF000033E
:10FE5000FB607B6803F19C0207F10C031146184616
:10FE6000F8F7FAFD034693ED007A7B68D3ED057A47
:10FE700067EE277AC7ED057A7B6893ED237A7B6876
:10FE8000D3ED247A77EE677AC7ED047AD7ED057A59
:10FE9000F5EEC07AF1EE10FA0CD997ED040AFCF7F2
:10FEA00032FEB0EE407AD7ED057AF4EEC77AF1EE85
:10FEB00010FA01DB012300E00023002B06D07B6851
:10FEC000D3F88C207B68C3F8902015E07B6893ED15
:10FED000247AD7ED047AF5EEC07AF1EE10FA02DD5D
:10FEE000D7ED057A03E0D7ED057AF1EE677A77EE84
:10FEF000877A7B68C3ED247A7B68D3ED247AB0EEF1
:10FF0000670A7868FFF77BFFF0EE407A7B68C3ED05
:10FF1000247A7B68D3F8903007EE903AB0EE670A07
:10FF20001837BD4680BD80B483B000AF78607B6871
:10FF3000D3F8A0207B685A637B68D3ED287AF1EE72
:10FF4000677A7B68C3ED0E7A7B68D3F8A0207B6864
:10FF50009A667B68D3ED287AF1EE677A7B68C3ED09
:10FF60001B7A00BF0C37BD465DF8047B704780B537
:10FF700082B000AF78607B68D3F88030DA697B6844
:10FF80009A607B6893F8B430002B16D07B6893EDB1
:10FF9000027A7B68D3ED2C7A77EE677A7B6893EDF3
:10FFA0002E7AF0EE470AB0EE670AFFF799FEF0EE00
:10FFB000407A7B68C3ED017A10E07B68D3ED027A6A
:10FFC0007B6893ED2E7AF0EE470AB0EE670AFFF7F2
:10FFD00087FEF0EE407A7B68C3ED017A7B68D3F848
:10FFE00080309A697B68DA607B68D3F880301A6A5F
:10FFF0007B681A6100BF0837BD4680BD80B582B0FE
:020000040801F1
:1000000000AF78607868FFF78EFF7868FFF7AFFF82
:100010007B685A687B68C3F88C207B685A687B6869
:10002000C3F890207B685A687B68C3F8B8207B6867
:1000300001221A7000BF0837BD4680BD80B582B06E
:1000400000AF78607B681B7883F00103DBB2002B84
:100050000DD17B685B78002B09D17B68D3F88030A9
:100060001846FCF7C0F97B6801225A7000E000BF17
:100070000837BD4680BD000080B582B000AF786013
:100080007B685B7883F00103DBB2002B19D17B68BE
:10009000D3F880309FED0D0A1846F8F781FC7B6895
:1000A000D3F880301846FCF7ABF97B684FF00002BC
:1000B000C3F898207B6800229A707B6800225A70EF
:1000C00000E000BF0837BD4680BD00BF0000000053
:1000D00080B483B000AF78607B685B78002B02D07F
:1000E0007B6801229A7000BF0C37BD465DF8047B27
:1000F0007047000080B582B000AF78607B68002256
:100100009A709FED090A0021786800F00FF87B686B
:10011000D3F880309FED040A1846F8F741FC00BF81
:100120000837BD4680BD00BF0000000080B52DED42
:10013000028B84B000AFF860B96087ED010AF868FF
:10014000FFF715FFBB68042B00F2A28001A252F852
:1001500023F000BF790201086F02010805020108BF
:10016000A701010869010108FB687A68C3F88820C3
:10017000FB68D3F88430BA689A4200F08880FB6844
:10018000D3ED017AB0EE670AF868FFF738FEF0EEBB
:10019000407AFB68C3ED237AFB68D3F88C20FB68B8
:1001A000C3F8902073E0FB68D3F88430BA689A42B1
:1001B00011D1FB6893ED237AD7ED017A77EE277A98
:1001C000B0EE670AF868FFF71AFEF0EE407AFB68B7
:1001D000C3ED237A5CE0FB6893ED017AD7ED017AF9
:1001E00077EE277AB0EE670AF868FFF708FEF0EEC0
:1001F000407AFB68C3ED237AFB685A68FB68C3F852
:10020000902045E0FB68D3F88430022B0ED0FB68C9
:10021000D3F88430032B09D0FB68D3F88430042B47
:1002200004D0FB685A68FB68C3F89020FB6893ED24
:10023000018AFB68D3ED017A97ED017A77EE677A50
:100240009FED181ADFED180AB0EE670AFFF711FDEF
:10025000F0EE407A78EE277AB0EE670AF868FFF79A
:10026000CEFDF0EE407AFB68C3ED237A10E0FB6828
:100270007A68C3F894200BE097ED010AF868FFF75D
:100280009FFDF0EE407AFB68C3ED267A00E000BFE8
:10029000FB68BA68C3F8842000BF1037BD46BDECC8
:1002A000028B80BDDB0F4940DB0F49C080B582B0B7
:1002B00000AF78607868FFF75AFE7B685B7883F060
:1002C0000103DBB2002B40F00E817B689B7883F04A
:1002D0000103DBB2002B08D07B68D3F880309FEDA0
:1002E000840A1846F8F75CFBFEE07B68D3F884309C
:1002F000042B00F2F28001A252F823F0A9040108B5
:10030000590401085B0301085B030108110301089C
:100310007B6893ED237A7B68D3ED226A7B68D3ED0B
:10032000057A66EEA77ADFED736A67EEA66A9FED3F
:10033000726AC6EE867A77EE277AB0EE670A786838
:10034000FFF75DFDF0EE407A7B68C3ED237A7B68B2
:10035000D3F88C207B68C3F890207B6893ED2E7ACD
:100360007B68D3ED017A77EE677A9FED647AF4EEDD
:10037000C77AF1EE10FA14DD7B68D3ED237A9FED96
:100380005D7A77EEC77A7B68C3ED237A7B68D3ED1D
:10039000247A9FED587A77EEC77A7B68C3ED247A8A
:1003A00022E07B6893ED2E7A7B68D3ED017A77EEBD
:1003B000677A9FED537AF4EEC77AF1EE10FA13D50F
:1003C0007B68D3ED237A9FED4B7A77EE877A7B6853
:1003D000C3ED237A7B68D3ED247A9FED467A77EEDE
:1003E000877A7B68C3ED247A7B68D3ED237AB0EEFD
:1003F000670A7868FFF703FDF0EE407A7B68C3ED8B
:10040000237A7868FFF71EFDF0EE407A7B68C3ED33
:10041000137A7B6803F14C027B68D3ED017AB0EE6E
:10042000670A1046FFF72CFBF0EE407AB0EE670A41
:100430007868FFF7C5FCF0EE407A7B68C3ED267A5A
:100440007B68D3F880207B68D3ED267AB0EE670A0C
:100450001046F8F7A5FA40E07B68D3F894207B6853
:100460009A617B6803F118027B68D3ED037AB0EEE2
:10047000670A1046FFF704FBF0EE407AB0EE670A19
:100480007868FFF79DFCF0EE407A7B68C3ED267A32
:100490007B68D3F880207B68D3ED267AB0EE670ABC
:1004A0001046F8F77DFA18E07B68D3ED267AB0EEB7
:1004B000670A7868FFF784FCF0EE407A7B68C3ED4A
:1004C000267A7B68D3F880207B68D3ED267AB0EE5D
:1004D000670A1046F8F764FA00BF7B685A687B68C1
:1004E000C3F8B82000E000BF0837BD4680BD00BF9C
:1004F00000000000DB0FC94000007042DB0F4940E4
:10050000DB0F49C080B485B000AFF86087ED020A08
:10051000C7ED010A87ED001AFB68BA681A62FB682A
:100520007A685A62FB683A689A6200BF1437BD461F
:100530005DF8047B704780B485B000AFF86087ED4C
:10054000020AC7ED010A87ED001AFB68BA685A650E
:10055000FB687A689A65FB683A68DA6500BF143709
:10056000BD465DF8047B704780B584B000AF78600D
:1005700087ED000A4FF00003FB603A4607F10C03D9
:1005800011461846F8F768FA03461A687B68C3F8FC
:10059000A0207B68D3ED267AB0EE670A7868FFF773
:1005A0000FFCF0EE407A7B68C3ED267A7868FFF79F
:1005B000BAFC00BF1037BD4680BD80B584B000AF27
:1005C000F86087ED020AC7ED010A97ED027AD7EDD0
:1005D000017AB4EEE77AF1EE10FA06DD3A1D07F182
:1005E00008031146184600F0BEF8BA68FB68C3F865
:1005F000A8207A68FB68C3F8AC20FB68012283F866
:10060000A420FB68D3ED237AB0EE670AF868FFF701
:10061000F6FBF0EE407AFB68C3ED237AFB68D3ED7E
:10062000247AB0EE670AF868FFF7E9FBF0EE407A4B
:10063000FB68C3ED247A00BF1037BD4680BD80B48F
:1006400083B000AF78607B68002283F8A42000BFED
:100650000C37BD465DF8047B704780B584B000AFB1
:10066000786087ED000A4FF00003FB603A4607F11F
:100670000C0311461846F8F7EFF903461A687B6831
:10068000C3F89C2000BF1037BD4680BD80B582B046
:1006900000AF78607B68D3F88030DA697B689A6055
:1006A0007B689A687B68C3F8B0207B68012283F876
:1006B000B4207B684FF000025A607B68D3F880302A
:1006C0009A697B68DA607B68D3F880301A6A7B6845
:1006D0001A617B685A687B68C3F88C207B685A680B
:1006E0007B68C3F890207B685A687B68C3F8B820A1
:1006F0007B684C331846FFF7A9F97B681833184616
:10070000FFF7A4F900BF0837BD4680BD80B582B0B1
:1007100000AF78607B684FF00002C3F8B0207B68C0
:10072000002283F8B4207868FFF721FC7B685A68C0
:100730007B68C3F88C207B685A687B68C3F890207C
:100740007B685A687B68C3F8B8207B684C331846CE
:10075000FFF77CF97B6818331846FFF777F900BF7D
:100760000837BD4680BD80B584B000AF7860396081
:10077000786800F017F803461B68FB60386800F0E3
:1007800011F803461A687B681A6007F10C031846D3
:1007900000F008F803461A683B681A6000BF10377B
:1007A000BD4680BD80B483B000AF78607B681846DA
:1007B0000C37BD465DF8047B7047000008B52DED91
:1007C000028BF0EE408AB0EE608A00F08DF8F4EE15
:1007D000488AF1EE10FA06D6DFED098AB4EE688A8F
:1007E000F1EE10FA02D0BDEC028B08BD01F0DAFA8E
:1007F00088EEA80ABDEC028B2123036008BD00BF70
:100800000000000038B555EC104B2B1EC3F30A5105
:10081000A1F2FF32C3F31303ACBF01204FF0FF304E
:10082000132A43F480130CDC002A1FDB4FF4002151
:1008300011411944C2F1140321FA03F303FB00F040
:1008400038BD1E2A16D8A1F213414FF00045CD4005
:100850002D1928BF0133142A03FA01F3C2F1340120
:1008600001D0CD402B4303FB00F038BD013218BF4F
:10087000002038BD20462946EFF746FE38BD00BFB0
:1008800010EE101AC1F3C7520029A2F17F0CACBFC1
:1008900001204FF0FF30BCF11E0F0FDCBCF1000F48
:1008A0001DDBC1F31603BCF1160F43F400030ADD90
:1008B000963A03FA02F202FB00F07047FDEEC07AAE
:1008C00017EE900A70474FF4800242FA0CF21A4475
:1008D000CCF1170C22FA0CF202FB00F07047BCF1CD
:1008E000FF3F18BF0020704730B583B0CDED010A3F
:1008F000019A22F0004E0EF1FF33B3F1FF4F42D2C6
:1009000010EE104A24F00040B0F1FF4F3BD270458A
:100910003FDB04F000413ED014F0FF4F02F0FF45F2
:1009200058D14FEA002C6FF07D034FEA4C0CBCF11C
:10093000000F03F1FF33F8DC002D5CD14FEA0E22EB
:100940006FF07D0C52000CF1FF3CFBD513F17E0FD4
:1009500063DA6FF07D02D21A90406FF07D02A2EB55
:100960000C020EFA02F2B3EB0C0305D11AE012D01E
:100970004FEA4E00013B15D0A0EB020EBEF1000F76
:10098000F5DA4000F6E7DDED017A60EE277A87EED2
:10099000A70A03B030BD234B03EB517393ED000A5C
:1009A00003B030BD831A48BF03461BB9F3E75B00B1
:1009B0000CF1FF3CB3F5000FF9DB1CF17E0F23DBDC
:1009C000A3F500030CF17F0C0B4343EACC5300EE7C
:1009D000103ADEE7C3157F3B002DAFD04FEAEE5E45
:1009E000C4F31604AEF17F0C44F40000C2F3160207
:1009F00042F40002B7E76FF07D044FEAEE5EE41ABE
:100A0000AEF17F0CA040F1E76FF07D02A2EB0C028B
:100A100013410B4300EE103ABBE7C4F3160444F451
:100A200000009AE7AC4601082DE9F047089D0E4604
:100A300004460F46002B4AD194468C45B2FA82F206
:100A400060D942B1C2F12003974020FA03F30CFAB7
:100A500002FC1F4394404FEA1C4E1FFA8CF6B7FB72
:100A6000FEF1230C0EFB117743EA074301FB06F06E
:100A700098420AD91CEB030301F1FF3780F015817E
:100A8000984240F21281023963441B1AA4B2B3FBAC
:100A9000FEF00EFB103344EA034400FB06F6A642C8
:100AA0000AD91CEB040400F1FF3380F00081A64258
:100AB00040F2FD806444023840EA0140A41B00215A
:100AC0001DB1D4400023C5E90043BDE8F0878B4247
:100AD00005D90DB1C5E9000100210846F5E7B3FAD3
:100AE00083F1002946D1B34202D3824200F2F5805D
:100AF000841A66EB030201201746002DE5D0C5E9F4
:100B00000047E2E7002A40F09380A1EB0C034FEA94
:100B10001C471FFA8CFE0121B3FBF7F607FB1630CA
:100B2000230C43EA00430EFB06F0984208D91CEB65
:100B3000030306F1FF3802D2984200F2D080464605
:100B40001B1AA4B2B3FBF7F007FB103344EA0344CB
:100B50000EFB00FEA64508D91CEB040400F1FF3390
:100B600002D2A64500F2B6801846A4EB0E0440EA75
:100B70000640A5E7C1F120078B4022FA07FC4CEAAA
:100B8000030C06FA01FE20FA07F426FA07F344EAFA
:100B90000E0400FA01F84FEA1C404FEA1449B3FB77
:100BA000F0FE1FFA8CF600FB1E3349EA03430EFBEE
:100BB00006F9994502FA01F20BD91CEB03030EF179
:100BC000FF3A80F08580994540F28280AEF1020EB6
:100BD0006344A3EB0909A4B2B9FBF0F300FB13993A
:100BE00044EA094403FB06F6A64208D91CEB0404B8
:100BF00003F1FF3068D2A64266D9023B644443EA5F
:100C00000E40A41BA0FB02E6B4427346B14652D389
:100C10004FD05DB1B8EB030264EB090404FA07F7A7
:100C200022FA01F31F43CC40C5E9007400214CE7D0
:100C3000C2F1200120FA01F30CFA02FC26FA01F1BC
:100C4000964033434FEA1C471FFA8CFEB1FBF7F086
:100C500007FB1016190C41EA064100FB0EF68E4206
:100C600004FA02F408D91CEB010100F1FF382DD27F
:100C70008E422BD902386144891B9BB2B1FBF7F637
:100C800007FB161143EA014306FB0EF1994208D90E
:100C90001CEB030306F1FF3814D2994212D9023E2D
:100CA00063445B1A46EA004136E73946EDE61846EA
:100CB00002E7F045ADD2BEEB020366EB0C0601384D
:100CC000B146A6E74646ECE7034698E74046D3E739
:100CD000D6467EE76444023847E708460DE7023E01
:100CE00063442DE770B504460D4645EC104B16469F
:100CF00002F07AF851EC100B7EB1C5F30A53C3F140
:100D00006B03002B09DD1B0503F17F55002405F55E
:100D1000401522462B46EFF793FC41EC100B70BDBB
:100D20002DE9F04F9FB00C46179200221A920590C1
:100D30004FF0000A4FF0000B0A46199211782B2948
:100D40004AD038D80D2932D8082932D800293BD0CA
:100D500000220E92199D2A78302A40F0B2806A78DB
:100D600002F0DF02582A6ED102930E9B01931AAB58
:100D700000938F4A05981BAB19A901F02FF910F0C9
:100D80000F06044605D0062E28D1013500231995FB
:100D90000E93179B002B40F08E850E9BCBB15246D5
:100DA0000BF1004343EC102B1FB0BDE8F08F20295E
:100DB000CED10132C1E72D29CAD101210E91511C9A
:100DC00019915278002AC5D1179B1994002B40F035
:100DD000708552465B46E5E70021EFE71A9A3AB183
:100DE00035211CA802F0FAF81A99059801F0D0FCF8
:100DF000013E1B9A042E06D8DFE806F014031D20DE
:100E00001400DDE91CABE10548BF4BF0004B2BF0B3
:100E100000431B0D1B05002BBBD100F0C3FF222399
:100E20000360B6E7DDE91CA302F2334223F480132A
:100E300043EA025BE7E7DFF880B1E4E76FF0004BDD
:100E40004FF0FF3ADFE7199B5A1C19925B78302B61
:100E5000F9D0002B9DD0012300270893199B0C93F8
:100E60000B97B9460A2219980578A5F13003D9B233
:100E7000092928D94F49012200F0E0FE002832D08C
:100E800000202A460A904D460346652A01D0452A8D
:100E900014D11DB9089A024396D00025199C621CF2
:100EA000199262782B2A7AD02D2A7ED04FF0000C2E
:100EB000A2F13001092940F2858019944FF0000811
:100EC000A5E00023C8E7B9F1080FD8BF0B9900F1DE
:100ED0000100DABF02FB01330B9302FB073709F174
:100EE00001091990BFE7199B5A1C19925A78B9F158
:100EF000000F3BD00A904D46A2F13003092B12D9C6
:100F00000123C2E7199B5A1C19925A780130302AE2
:100F1000F8D0A2F13103082B00F2D284199B0A9079
:100F200000200C930546303A00F1010318D00A99CD
:100F300019440A912E464FF00A0E711CA1EB050CC4
:100F4000634515DC20EAE0702B18082B05F101053C
:100F500005441ADC0B990A2303FB01230B9300239E
:100F6000199A511C199152781846C5E74846CEE7A0
:100F7000082E05DC0B9E0EFB06F60B960E46DCE7F4
:100F80001029D8BF0EFB07F7F8E70F2BDCBF0A23A9
:100F900003FB0727E3E700230A9301237AE74FF0D7
:100FA000000CA21C1992A27882E74FF0010CF8E71E
:100FB0008C480108B44601080000F07F199A511CC2
:100FC00019915278302AF9D0A2F1310108293FF65F
:100FD00075AF303A0992199A0F924FF00A08199A90
:100FE000561C19965278A2F1300EBEF1090F39D96C
:100FF0000F99761A082E44F61F6803DC0999884574
:10100000A8BF8846BCF1000F01D0C8F10008002D30
:101010004ED1089901437FF4BCAE002B7FF4D4AECF
:10102000692A28D025DC492A25D04E2A7FF4CCAE67
:101030009A4919A801F0F4F900283FF4C5AE199BAC
:101040001B78282B2ED196491CAA19A801F0FCF96F
:10105000052827D11D9BDDF870A043F0FF4B4BF412
:10106000E00B96E6099908FB0121A1F130020992F3
:10107000B5E76E2ADAE78B4919A801F0D1F9002803
:101080003FF4A2AE199B8849013B19A8199301F0BE
:10109000C7F910B9199B01331993DFF81CB24FF04F
:1010A000000A76E6814800F0BBFE5BEC10AB70E610
:1010B0000A9B0B98A8EB0303B9F1000F08BFA946E0
:1010C000102D09932C46A8BF1024EFF7A3F9092D82
:1010D00082468B4613DC099B002B3FF45AAE099BDA
:1010E00078DD162B5FDC724901EBC301D1E9000109
:1010F00052465B46EFF7A4FA82468B4649E66C4BB4
:1011000003EBC40353E91223EFF79AFA82463846F9
:101110008B46EFF77FF902460B4650465946EFF7EC
:101120003DF80F2D82468B46D5DD099B2C1B1C44B8
:10113000002C40F3938014F00F030AD05C4901EBBC
:10114000C30152465B46D1E90001EFF779FA8246C6
:101150008B4634F00F0473D0B4F59A7F49DD002438
:10116000A0460B94A146059ADFF84CB122231360E8
:101170004FF0000A0B9B002B3FF40BAE1A99059819
:1011800001F006FB0598494601F002FB059841462F
:1011900001F0FEFA0B99059801F0FAFA059821463C
:1011A00001F0F6FAF5E5099AC5F125039342BCDB97
:1011B0003F4CC5F10F0504EBC50152465B46D1E932
:1011C0000001EFF73DFA099B5D1B04EBC504D4E970
:1011D00000238FE71633A8DB0A9BA3EB0808344BE8
:1011E00003EBC808D8E9002350465946EFF752FBF5
:1011F00082E700232F4F2411504659461E46012CEA
:1012000021DC0BB182468B462A49ABF1547B01EBC2
:10121000C60152465B46D1E90001EFF711FA264BB1
:101220000A460B4025498B42824698D8A1F5801189
:101230008B4286BFDFF888B04FF0FF3A02F1547B53
:101240000023089376E0E20704D5D7E90023EFF7FF
:10125000F7F90123013664100837D0E7F0D0644273
:1012600014F00F020AD0124B03EBC203504659464A
:10127000D3E90023EFF70EFB82468B462411DFD023
:101280001F2C1FDD0024A0460B94A146059A2223A3
:101290004FF0000A4FF0000B13606BE7BF460108E8
:1012A00078480108B6460108B946010877470108A1
:1012B00000490108D84801080000F07F0000A07C28
:1012C000FFFFEF7F14F0100318BF6A23A94E0893A5
:1012D000504659460023E70704D5D6E90023EFF727
:1012E000AFF90123641006F10806F4D10BB1824670
:1012F0008B46089BB3B1CBF30A52C2F16B03002BB0
:1013000059460FDD1F2B56DD342BDEBF4FF0FF3368
:10131000C2F14B0293404FF0000ACCBF4FF05C7B10
:1013200003EA010B0022002350465946EFF7F0FB79
:101330000028A7D10B9B00930C9905982B464A4691
:1013400001F08EFA0B9000283FF409AF099A0A9B2E
:10135000002AA3EB0803A8BF00231293002422EA6B
:10136000E2731693A0460B9B0598596801F0D0F9DB
:10137000814600283FF4F7AE0B9B1A69023203F155
:101380000C0192000C3000F03AFD4BEC10AB0598CC
:101390001CAA1BA9CDE90CAB01F096FD1A90002800
:1013A0003FF4E1AE0598012101F0F0FA804648B91A
:1013B0004FF00008D7E64FF0FF3202FA03F303EADA
:1013C0000A0AAFE71B9D1C9A002DABBF129B169B10
:1013D000169E129FACBFEF185E1B089BED1A1544BA
:1013E000654B013D9D42C2F1360250DA5B1B1F2B5B
:1013F000A2EB03024FF001013DDC01FA03F313936A
:1014000000231093BD18089BAF4216441E443B4670
:10141000A8BF2B46B342A8BF3346002BC2BFED1A6C
:10142000F61AFF1A129B002B16DD414605981A4644
:1014300001F064FB80460028BAD001461A9A05984C
:1014400001F0BAFA0A9000283FF48DAE1A99059877
:1014500001F09EF90A9B1A93002D1DDC099B002BBD
:1014600023DD4946169A059801F048FB8146E0B90C
:101470004FF0000977E6C5F17F4505F57F0505F5D5
:101480007B45E23501FA05F310931391BAE7002387
:10149000109301231393B5E71A9905982A4601F092
:1014A00087FB1A900028D9D15DE6002E07DD49465A
:1014B0000598324601F07CFB81460028D8D0002FE9
:1014C00008DD414605983A4601F072FB8046002847
:1014D0003FF449AE1A9905984A4601F0F1FB0446DB
:1014E00000283FF440AEC3680F930023C360414619
:1014F00001F0CAFB002845DA0F9B53EA0A036BD1BF
:10150000CBF31303002B67D12BF000431B0D1B05FE
:10151000B3F1D66F60D9636913B92369012B5BDD21
:1015200021460122059801F043FB4146044601F0A3
:10153000ABFB002850DD2BF00043089A1B0D1B0568
:10154000002A6AD0B3F1D66F67D8B3F15C7F7FF61B
:101550009DAE0A4B504659460022EFF771F8084BF2
:101560000B4082468B46002B7FF408AE059A22235F
:10157000136003E6A048010802FCFFFF0000503999
:101580000000F07FCDF828B065D10F9ACBF313039C
:101590005AB39F4A93422BD1089B514603B39D4BAC
:1015A0005A461340B3F1D46F4FF0FF321BD81B0DD6
:1015B000C3F16B0302FA03F3994219D1964B0A9ACD
:1015C0009A4202D101313FF4CEAD924B0A9A1A40B1
:1015D00002F5801B4FF0000A089B002BB9D1CDE526
:1015E0004FF0FF33E8E71346E6E753EA0A03A2D0D9
:1015F000109BDBB10A9A1342EED00F9B089A50461B
:101600005946BBB1FFF76EFBDDE90C0153EC102B23
:10161000EEF7C4FD82468B46DEE7A3F580136FEA42
:10162000135B6FEA0B5B4FF0FF3AD5E7139B13EAAE
:101630000A0FE1E7FFF756FBDDE90C0153EC102B35
:10164000EEF7AAFD0022002382468B46EFF760FAF0
:101650000028C1D01AE64146204601F08DFC57EC27
:10166000106B00224FF0804330463946EFF764FAA2
:1016700000286FD00F9B002B7AD1BAF1000F58D100
:101680000A9BC3F31303002B5AD1644B002230464C
:101690003946EFF747FA002859D130463946604BB2
:1016A0000022EEF7CDFF06460F4607F100430696EF
:1016B0000793DDE90623574DCDE910230A9B1D4012
:1016C000584B9D4240F0B2800A9BA3F1547B4BECF7
:1016D00010AB01F089FBDDE9062351EC100BEEF7AE
:1016E000AFFF52465B46EEF759FD0B4649494E4A5D
:1016F00019409142824642D90D9A474B9A4203D1F2
:101700000C9B01333FF42FADDFF80CB14FF0FF3AE3
:101710001A99059801F03CF80598494601F038F807
:101720000598414601F034F80598214601F030F85B
:1017300019E6BAF1010F03D10A9B002B3FF4A6ADC5
:101740009FED2B7B354F8DED067B0026B1E7344FA7
:101750000026AAE7324B304639460022EEF770FFEA
:101760000F9B06460F46002B9FD0CDE90667A0E7EA
:101770009FED217B8DED067B57EC176B99E703F10D
:10178000547B089BCDF828B0002BC1D12BF000432F
:101790001B0D1B059D42BBD13046394602F028FB8C
:1017A000EEF784FE02460B4630463946EEF7F4FC6F
:1017B0000B460246CDE90C23CBF313060F9B46EAFA
:1017C0000A061E436FD00EA3D3E90023EFF7AAF950
:1017D00000287FF4D3AC0CA3D3E90023DDE90C018E
:1017E000EFF7BEF9002893D0C8E400BFAFF3008044
:1017F000000000000000F0BF000000000000F03F0B
:101800009535A094FFFFDF3F35E5AF350000E03FA1
:10181000FFFF0F000000F07FFFFFEF7F0000F03FB1
:101820000000E03F0000E07FFFFF9F7C089B23B3A8
:10183000B5F1D46F21D828A3D3E900233046394627
:10184000EFF77AF9A0B139463046EFF7A9F9012848
:1018500038BF0120EEF7DEFD0F9B06460F46FBB9B1
:1018600001F1004314901593DDE91423CDE9102311
:10187000119B03F1D6635B1B11939DED0C0BDDE90E
:1018800010AB01F0B1FA504653EC102B5946EEF76D
:10189000D7FEDDE90C23EEF781FC82468B4670E72C
:1018A000CDE91467E0E70EA3D3E90023EFF73AF997
:1018B00098E700230E93179A199B1360FFF76DBAF0
:1018C000652A3FF468AB452A3FF465AB0123FFF777
:1018D000A0BB00BFAFF300800000C0FFFFFFDF41EF
:1018E0009535A094FFFFCF3F2DE9F041DFF8BC8094
:1018F000294B0A462DED028B0146D8F80000FFF770
:101900000FFA55EC104B22462B4620462946EFF79E
:1019100031F990B1002D214809DA00F089FAB1EED1
:10192000408AB0EE480ABDEC028BBDE8F081BDEC08
:10193000028BBDE8F04100F07BBA20462946EFF764
:101940004FF908EE100ADFED167AB0EEC87AB4EE61
:10195000677AF1EE10FA11DD25F00047114B4FF0D8
:10196000FF3220463946EFF705F980B90D4B4FF0AD
:10197000FF3220463946EFF7DFF840B918EE103A4B
:1019800013F0FF4FCDD1084B2B40002BC9D0D8F816
:10199000003022221A60C4E72400002077470108A3
:1019A000FFFF7F7FFFFFEF7F0000F07F90010020AF
:1019B000002310B50446C0E90033C0E90433836056
:1019C00081814366C2818361194608225C3000F040
:1019D0002DF90D4B63620D4BA3620D4BE3620D4B72
:1019E00023630D4B24629C4206D003F168029442AB
:1019F00002D0D0339C4205D104F15800BDE810401C
:101A000000F0FAB910BD00BF351B0108571B0108D3
:101A10008F1B0108B31B0108AC5A0020024A03497E
:101A2000034800F069B800BF180000204D370108D6
:101A30009401002041680C4B994210B5044601D036
:101A400001F084FEA168094B994202D0204601F0C2
:101A50007DFEE168064B994204D02046BDE8104067
:101A600001F074BE10BD00BFAC5A0020145B002012
:101A70007C5B002010B50B4B0B4C0C4A1A602046C7
:101A800000220421FFF794FF04F1680001220921DC
:101A9000FFF78EFF04F1D0000222BDE810401221B2
:101AA000FFF786BFE45B0020AC5A00201D1A010836
:101AB000014800F0A2B900BFED5B0020014800F032
:101AC0009DB900BFED5B002010B50446FFF7F0FFA5
:101AD000236A1BB1BDE81040FFF7F0BF044B23623F
:101AE000044B1B68002BF5D1FFF7C4FFF2E700BFE2
:101AF000351A0108E45B00202DE9F84307468846C3
:101B000014460026D4E90195B9F1010905D52468E8
:101B1000002CF7D13046BDE8F883AB89012B07D9FB
:101B2000B5F90E30013303D029463846C047064385
:101B30006835E9E710B50C46B1F90E1000F00EF962
:101B40000028ABBF636DA3891B1823F48053ACBF7F
:101B50006365A38110BD2DE9F0411F468B89DB052C
:101B600005460C46164605D5B1F90E100223002293
:101B700000F0E2F8A389B4F90E1023F48053A38196
:101B800032463B462846BDE8F04100F0F9B810B5B2
:101B90000C46B1F90E1000F0CFF8431CA38915BF15
:101BA000606523F4805343F48053A38118BFA3815D
:101BB00010BDB1F90E1000F0AFB830B51446002CCE
:101BC0009BB005461A4605DA8B2303604FF0FF30C1
:101BD0001BB030BD4FF40273ADF80C3014BF04F1EC
:101BE000FF332346029305934FF6FF730091049150
:101BF000ADF80E3069461E9B01F09CFA431CBCBF39
:101C00008B232B60002CE3D0009B00221A70DFE7AF
:101C100007B5009313460A46014603480068FFF7DC
:101C2000CCFF03B05DF804FB9001002002440346A2
:101C3000934200D1704703F8011BF9E710B56AB170
:101C40000139841810F8012B11F8013F9A4203D191
:101C5000A04201D0002AF5D1D01A10BD1046FCE7F1
:101C6000164B2DE9F0411F687C6C05460E46ECB919
:101C7000502000F085FC0246786420B9104B1148D2
:101C80005B2100F0DBF8C0E90044C0E90244C0E990
:101C90000444C0E90A44C0E90C44C0E90E44C0E968
:101CA0001044C0E912448461047744627A6C31467E
:101CB00028460123BDE8F04100F006B8900100205D
:101CC000C2460108D9460108F0B5044608B91468AF
:101CD00044B1204614F8015B0F4617F8016B1EB99A
:101CE00065B91560002005E0B542F6D1002BF0D1B2
:101CF00014600370F0BD1C460CE01DB9274614F8B3
:101D0000013B0E4616F8015BAB42F6D1002BF2D038
:101D100000233B701460EDE738B5064D0023044600
:101D200008462B60F6F79AFA431C02D12B6803B1E0
:101D3000236038BDE85B002038B5074D04460846EF
:101D4000114600222A601A46F6F7AFFA431C02D168
:101D50002B6803B1236038BDE85B002038B5074D20
:101D600004460846114600222A601A46F6F73DFA54
:101D7000431C02D12B6803B1236038BDE85B00200F
:101D800038B5074D04460846114600222A601A4617
:101D9000F6F748FA431C02D12B6803B1236038BD23
:101DA000E85B0020014B1868704700BF90010020DD
:101DB00070B50D4D0D4C641BA4100026A64209D130
:101DC0000B4D0C4C02F04AF8641BA4100026A642EE
:101DD00005D170BD55F8043B98470136EEE755F83C
:101DE000043B98470136F2E7D44A0108D44A010877
:101DF000D44A0108E04A01087047704770470A4416
:101E0000914200F1FF3300D1704710B511F8014B3A
:101E100003F8014F9142F9D110BD0000000000000D
:101E20009FED010B704700BF000000000000F87F2D
:101E30009FED010A704700BF0000C07F1FB5144628
:101E40001A46094B1B680546D8684CB1074B0091F0
:101E5000CDE9013406492B4601F0A0FC01F0DAFC83
:101E6000044B1C46F3E700BF900100203C470108EB
:101E7000494701087747010838B50546002941D090
:101E800051F8043C0C1F002BB8BFE41800F034FCE0
:101E90001D4A136833B9636014602846BDE83840B2
:101EA00000F030BCA34208D9206821188B4201BF42
:101EB00019685B6809182160EDE71A465B680BB189
:101EC000A342FAD911685018A0420BD120680144EE
:101ED000501883421160E0D118685B685360084471
:101EE0001060DAE702D90C232B60D6E720682118AE
:101EF0008B4204BF19685B68636004BF09182160E6
:101F00005460CAE738BD00BFF45B00200369B3EB3F
:101F1000611F2DE9F0434FEA611200F1140445DD21
:101F200011F01F0104EB830604EB82050CD100F1D4
:101F300010072946B14234D39B1A9B00EA1E9642F1
:101F400038BF0023234415E054F82270C1F1200863
:101F5000CF4005F1040EA1467645F44615D89A1AED
:101F60009200043A0135AE4238BF0022A318A750B0
:101F700007B104331A1BA3424FEAA20208BF002391
:101F8000026108BF4361BDE8F083DCF800C00CFAD1
:101F900008FC4CEA070749F8047B5EF8047BCF4055
:101FA000DAE751F804CB47F804CFC3E72346E1E76B
:101FB000A0F13003092B02D82038C0B27047A0F13D
:101FC0006103052B01D84738F7E7A0F14103052B42
:101FD00001D82738F1E70020704700002DE9F04FC5
:101FE00085B08A4602930B68019090469C1CA146DE
:101FF00014F8010B3028FAD0A9EB0303A3F1020B6C
:10200000FFF7D6FF0546002868D1A04901224846BF
:10201000FFF714FE0746002867D199F8010026460D
:10202000FFF7C6FF002862D023461878302899466B
:1020300003F10103F9D0FFF7BBFFB0FA80F56D099A
:102040004FF0010B4A46164601323078FFF7B0FFD9
:102050000028F8D18D4901223046FFF7EFFD002816
:102060003FD144B9741C2246164601323078FFF73E
:102070009FFF0028F8D1A41BA700337803F0DF03EB
:10208000502B3ED173782B2B33D02D2B34D0711C99
:1020900000240878FFF78CFF431EDBB2182B30D8E2
:1020A000A0F1100211F8010FFFF782FF00F1FF3CD1
:1020B0005FFA8CFCBCF1180F4FF00A031ED904B173
:1020C00052421744CAF80010EDB1BBF1000F0CBF2B
:1020D00006250025284605B0BDE8F08F00252C46D2
:1020E000B0E7002CC7D12746C7E74E462F4601254B
:1020F000C3E70024B11CCCE70124FBE703FB02008B
:10210000CEE73146DEE7A6EB0903013B2946072B64
:102110000ADC019800F0FCFA044640B95C4B024628
:10212000E4215C48FFF78AFE01315B10EFE700F124
:10213000140A002355469B46B14537D345F804BBE6
:10214000A5EB0A05AD102561584600F0D3FB6D01E3
:10215000D8F800602D1AB54254DDAD1B2946204643
:1021600000F05FFF814678B16B1E591103F01F022A
:102170005AF821104FF0010909FA02F20A4203D07D
:102180004B4536DC4FF0020929462046FFF7BEFEDC
:102190002F44D8F80830BB4242DA0198214600F0BB
:1021A000F7FA0E9A00231360A32593E716F8012D82
:1021B0002E2A12D0202B04D145F804BB4FF0000B7F
:1021C0005B4630780393FFF7F3FE039B00F00F00AC
:1021D00098404BEA000B0433AEE7B145EAD82B49EF
:1021E000039301223046FFF729FD039B0028E1D12C
:1021F000A2E7A91E204600F014FF0028C2D04FF02D
:102200000309C1E709DA751B214601982A4600F047
:10221000CFFC7F1B044600F1140A4FF00009B8E719
:10222000D8F80450BD426FDDED1BAE4234DCD8F867
:102230000C30022B22D0032B24D0012B15D1AE421F
:1022400013D1012E0BD1029AD8F804301360012368
:102250002361CAF800300E9B62251C603AE7711EAC
:10226000204600F0DEFE0028EDD10198214600F066
:102270008FFA0E9A0023136050252BE70F9B002B3B
:10228000F3D1E0E70F9B002BDDD1EEE7B446010868
:1022900078470108894701086F1EB9F1000F30D156
:1022A00027B13946204600F0BCFE81467A11012351
:1022B0005AF8222007F01F07BB4013422946204648
:1022C00018BF49F00209FFF721FED8F80470761B09
:1022D0000225B9F1000F47D0D8F80C30022B15D0E9
:1022E000032B17D0012B09D119F0020F06D0DAF811
:1022F000003049EA030919F0010F0ED145F010052D
:1023000032E04FF00109D1E70125E2E70F9BC3F16D
:1023100001030F930F9B002BF0D0D4F810B004F101
:1023200014034FEA8B0A03EB8B014FF0000C1846A5
:1023300053F8042BB2F1FF3F1BD001320260022D93
:1023400004F114033CD1D8F80020013AB24209D17B
:102350007111012253F8213006F01F0602FA06F629
:102360001E423AD145F020050E9B1C60029B1F6067
:10237000B0E6994243F804CCD9D8A3689B4517DB53
:1023800061680198013100F0C3F9814618B91A4B10
:1023900002468421C5E62269023204F10C01920052
:1023A0000C30FFF72CFD2146019800F0F1F94C4666
:1023B00023695A1C04EB8303226101225A61BEE7A0
:1023C00022695A450BDD01212046FFF79FFDD8F811
:1023D00008300137BB42FFF6E0AE0125C2E716F038
:1023E0001F06FAD05344C6F1200653F8040C00F03F
:1023F00081FAB042E7DBF0E778470108C2F1080252
:10240000920070B5C2F120064368046803FA06F52D
:102410002C43D340046040F8043F8842F4D370BD9D
:1024200030B50368013311F8014B14B90360012082
:1024300030BD13F8012BA2F14105192D98BF2032B0
:10244000A242F0D00020F3E72DE9F04F0B680168BD
:102450005E1102EB860613F01F0387B018BF043627
:102460000025371F82469046019346F8045CB94622
:102470003C460295AB464A784B1C039342B3104648
:1024800005910492FFF794FD002851D1049A059913
:10249000202A18D8029B9B4513DD4C4506D2072DF8
:1024A00004DC2A4649462046FFF7A8FF444552D996
:1024B0000023A4F1040944F8043CCDF808B04C46CC
:1024C0001D460399D7E7292A57D10231CAF80010CF
:1024D000BBF1000F51D04C4506D2072D04DC2A4633
:1024E00049462046FFF78AFF444536D9A8F1040241
:1024F000234653F8041B42F8041F9F42F9D23B1BAA
:1025000023F0030304330134033EB44288BF0423A1
:102510004344002243F8042B9F42FBD23B681BB983
:10252000474528D101233B60052007B0BDE8F08F67
:102530000135082D0BF1010B06DD4445C1D90023FF
:1025400044F8043C0125043C226800F00F0040EAF6
:1025500002102060B5E70825B3E7019B002BDDD012
:10256000C3F120034FF0FF32DA4056F8043C134029
:1025700046F8043CD2E7043FD0E70420D5E700004A
:10258000024B0146186800F025B800BF90010020FA
:1025900070B50F4E0C463168054611B901F02AF9A5
:1025A00030602146284601F025F9431C03D14FF045
:1025B000FF34204670BDC41C24F00304A042F8D0B0
:1025C000211A284601F016F90130F2D1EFE700BFD9
:1025D000F05B00202DE9F843CD1C25F003050835FC
:1025E0000C2D38BF0C25002D064601DBA94204D96D
:1025F0000C2333600020BDE8F883DFF8D48000F0BE
:102600007BF8D8F800301C4644BB29463046FFF71B
:10261000BFFF431C044658D1D8F800402746002F7E
:1026200043D1002C4BD023683946304604EB0309D4
:1026300001F0E0F8814542D121686D1A2946304603
:10264000FFF7A6FF01303AD023682B442360D8F867
:1026500000305A6862BBC8F800700FE02268521B55
:1026600020D40B2A17D96119A342256018BF5960DD
:10267000636808BFC8F8001062514B60304600F034
:1026800041F804F10B00231D20F00700C21A1CBF03
:102690001B1AA350AFE76268A3420CBFC8F8002022
:1026A0005A60EBE723466468AEE73C467F68B6E7CE
:1026B0001A465B68A342FBD100235360DEE70C237C
:1026C0003360304600F01EF894E70560D6E700BF9F
:1026D000F45B002082B001B901A942B14BB113787B
:1026E0000B601278101E18BF012002B07047104610
:1026F000FBE76FF00100F8E70148FFF77EBB00BF82
:10270000EC5B00200148FFF779BB00BFEC5B0020C9
:1027100070B5C66904460D4676B91020FFF730FF44
:102720000246E06120B9184B18486B21FFF786FB81
:10273000C0E901660660C660E669F36883B1E369D3
:10274000DB6853F82500B8B9012101FA05F6721DBE
:102750009200204601F065F860B1C0E901560EE034
:1027600021220421204601F05CF8E369F060DB6877
:10277000002BE4D1002070BD026843F8252000231F
:10278000C0E90333F7E700BFC2460108EA47010882
:1027900070B5C66905460C4676B91020FFF7F0FE05
:1027A0000246E86120B9094B09488F21FFF746FB33
:1027B000C0E901660660C6603CB1EB696268DB682F
:1027C00053F82210216043F8224070BDC246010830
:1027D000EA4701082DE9F0410D6907460C461E46FF
:1027E00001F1140C0020DCF8003099B202FB016109
:1027F0001E0C0B0C02FB063389B2013001EB0341C6
:1028000085424CF8041B4FEA1346ECDC0EB3A36878
:10281000AB4219DC616838460131FFF779FF804629
:1028200028B902460C4B0D48BA21FFF707FB226975
:10283000023204F10C0192000C30FFF7E0FA21465D
:102840003846FFF7A5FF444604EB850301355E617A
:1028500025612046BDE8F08178470108EA47010874
:102860002DE9F8430C4615461F4609220833064653
:1028700093FBF2F3002101229A4209DB3046FFF775
:1028800047FF40B90246194B1948D321FFF7D6FA42
:1028900052000131F0E7089B4361092D4FF001031D
:1028A000036116DD04F10909C8462C4418F8013B00
:1028B0000146303B0A223046FFF78CFFA045F5D198
:1028C000A5F108044C442D1B6319BB4204DBBDE891
:1028D000F8830A340925F6E714F8013B0146303B3A
:1028E0000A223046FFF776FFEEE700BF784701087F
:1028F000EA470108B0F5803F034636BF03040020D5
:102900001020B3F1807F3CBF1B020830B3F1805F21
:102910003CBF1B010430B3F1804F3CBF9B00023031
:10292000002B05DB13F0804F00F1010008BF2020D1
:1029300070470368024613F007000BD0D90721D473
:10294000980749BF5B089B08012013605CBF1360B8
:102950000220704799B209B91B0C1020D9B209B9ED
:1029600008301B0A190704BF1B090430990704BF6C
:102970009B080230D90703D45B0800F1010003D0A3
:1029800013607047002070472020704710B50C4638
:102990000121FFF7BDFE024628B9054B054840F26C
:1029A0004511FFF74BFA01234461036110BD00BFDD
:1029B00078470108EA4701082DE9F04F17460A69F0
:1029C0003B699A42A8BF3B468946A4BF0F46994639
:1029D0003D69D9F810A0BB68796805EB0A06B342D7
:1029E00085B0B8BF0131FFF793FE30B90246414BC5
:1029F00041484FF4B171FFF721FA00F1140404EBE0
:102A0000860E23460022734520D307F1140809F1EE
:102A1000140108EB850501EB8A030293EB1B153BC0
:102A200023F0030304331537BD4238BF0423019359
:102A3000029B03918B420CD8002E03DD5EF8043D0F
:102A4000002B55D0066105B0BDE8F08F43F8042B8C
:102A5000D9E7B1F800A0BAF1000F1FD0C446A146D3
:102A600000275CF8042BD9F800301FFA82FB9BB2D8
:102A70000AFB0B333B44D9F80070120C3F0C0AFBE5
:102A8000027202EB13429BB243EA0243654549F8E6
:102A9000043B4FEA1247E4D8019BE750039BB3F88D
:102AA00002900431B9F1000F20D023684746A446B4
:102AB0004FF0000AB7F800B0BCF8022009FB0B2267
:102AC00052449BB243EA02434CF8043B57F8043BA0
:102AD0004FEA134ABCF8003009FB0A3303EB1243F8
:102AE000BD424FEA134AE5D8019AA35004349FE748
:102AF000013EA1E778470108EA4701082DE9F843BC
:102B0000154612F0030207460E4607D0254C013A3F
:102B1000002354F82220FFF75DFE0646AD103DD09D
:102B2000FC697CB91020FFF72BFD0246F86128B93B
:102B30001D4B1E4840F2B311FFF780F9C0E9014474
:102B40000460C460D7F81C80D8F808404CB940F243
:102B500071213846FFF71AFF0023C8F80800044621
:102B600003604FF00009EB070AD53146224638468C
:102B7000FFF722FF314680463846FFF709FE4646FA
:102B80006D100BD0206838B9224621463846FFF731
:102B900013FF2060C0F800900446E4E73046BDE82B
:102BA000F88300BFC8480108C2460108EA47010887
:102BB0002DE9F0470C464968236903EB6218A368C6
:102BC000074691464FEA621A08F10106B3420BDB51
:102BD0003846FFF79DFD054648B90246284B29486F
:102BE0004FF4EF71FFF72AF901315B00EEE70023A4
:102BF00000F1140100F110021846534533DB20693F
:102C00002AEAEA7A04F1140319F01F0901EB8A0198
:102C100003EB800C2BD0C9F1200E8A4600221868E5
:102C200000FA09F010434AF8040B53F8042B9C45B2
:102C300022FA0EF2F3D8ACEB0403153B23F00303A6
:102C4000043304F11500604588BF0423CA500AB15B
:102C500008F10206013E38462E612146FFF798FD35
:102C60002846BDE8F08742F8040F0133C5E7043970
:102C700053F8042B41F8042F9C45F9D8EAE700BF2C
:102C800078470108EA4701080A6903460069801A83
:102C900030B50ED11433143103EB820401EB820101
:102CA00054F8045D51F8042D954203D005D24FF03D
:102CB000FF3030BDA342F3D3FBE70120F9E700006A
:102CC0002DE9F74F89460646114648461446FFF758
:102CD000DBFF051E12D129463046FFF719FD0246DB
:102CE00028B93F4B40F237213E48FFF7A7F80123B0
:102CF000C0E90435104603B0BDE8F08FBCBF4B46B9
:102D0000A1463046D9F80410BABF1C46012500255B
:102D1000FFF7FEFC024618B9314B40F24521E3E7CC
:102D2000D9F810702669C56009F1100309F114057E
:102D300004F1140E00F1140B05EB87080EEB860668
:102D40000193D9464FF0000C019B5EF8040B53F839
:102D500004AF01931FFA8AF3194683B2CB1A000C11
:102D60006344C0EB1A4000EB23409BB243EA0043AC
:102D7000764549F8043B4FEA204CE5D8331B153B18
:102D800023F0030315340433A64238BF04231D4443
:102D90005B441E462C4644450ED308F10301491BF3
:102DA00021F00301033DA84538BF00210B4453F82F
:102DB000041D91B117619DE754F8041BE646080C09
:102DC0001CFA81FC714400EB2C4089B241EA0041BD
:102DD00046F8041B4FEA204CDDE7013FE7E700BF60
:102DE00078470108EA47010882B08DED000B019A8F
:102DF0000F4B1340A3F15073002B08DC5B42B3F17F
:102E0000A07F4FEA235204DA4FF40023134100223B
:102E100008E0A2F114031E2BDABF4FF00042DA40A3
:102E2000012200231946104641EC100B02B07047F6
:102E30000000F07F2DE9F041066900F1140808EB6D
:102E40008606371F56F8042C1046FFF753FDC0F1D5
:102E500020030A280B601B4915DCC0F10B0C22FA79
:102E60000CF3B84543EA010534BF56F8083C00238B
:102E7000153002FA00F023FA0CF303431C4645EC2C
:102E8000104BBDE8F081B8453ABF56F8083CA6F1B2
:102E9000080700230B3812D0C0F1200123FA01F4F7
:102EA00082402243474542F07F558CBF57F8042C9F
:102EB00000228340CA4045F440151343DEE742EA4E
:102EC0000105DBE70000F03F2DE9F7430F46012144
:102ED00059EC108B1646FFF71BFC044630B902462E
:102EE000234B244840F20F31FEF7A8FFC9F30A55DF
:102EF000C9F313030DB143F480130193B8F1000338
:102F000023D068460093FFF714FDDDE90012D0B12D
:102F1000C0F1200302FA03F30B43C2406361019244
:102F2000019BA361002B0CBF012202222261A5B1EB
:102F3000A5F2334505443D60C0F1350030602046C0
:102F400003B0BDE8F0836161EAE701A8FFF7F1FC97
:102F5000019B636120300122E8E704EB8203A0F2C9
:102F6000324038601869FFF7C5FCC0EB4210E5E756
:102F700078470108EA4701082DE9F04F85B0CDE90F
:102F8000001002A9FFF756FF009803A955EC104B5B
:102F9000FFF750FF019B1969009B1B69C91ADDE906
:102FA00002329B1A5BEC10AB03EB4113002BCEBF3C
:102FB0002A46C3EB03335A462F46D946CCBF02EB11
:102FC000035702EB03594B46524620463946EDF76C
:102FD00061FC41EC100B05B0BDE8F08F013970B514
:102FE00049111469013102F1140300EB810103EB73
:102FF0008404051FA3420CD3A31A113B23F003033F
:103000001132A24288BF002318440023884205D30E
:1030100070BD53F8046B45F8046FEBE740F8043BD0
:10302000F4E700F1140200694B11984210B511DB6E
:103030000ADD11F01F0107D052F8234024FA01F0F5
:1030400000FA01F18C420BD102EB8303934203D8C7
:10305000002010BD0346F7E753F8041D0029F5D002
:103060000120F6E70346084641B1FF2A04D98A2227
:103070001A604FF0FF3070470A70012070472DE949
:10308000F0478E681F46BE420B6882460C4690464B
:103090002DD8B1F90C2012F4906F26D0656909691A
:1030A00005EB4505A3EB010905EBD5757B1C4B44EE
:1030B0006D109D4238BF1D46530527D52946FFF7A1
:1030C00089FA064660B321694A46FEF798FEA3894D
:1030D00023F4906343F08003A381266165614E442D
:1030E000A5EB09052660A5603E46BE4200D93E46D6
:1030F00020683246414600F063FBA3689B1BA36037
:103100002368334423600020BDE8F0872A4600F09E
:103110009CFB06460028E0D121695046FEF7ACFE34
:103120000C23CAF80030A38943F04003A3814FF079
:10313000FF30E9E72DE9F04F98468B891B069DB0DB
:1031400007460D46144610D50B6973B94021FFF7A9
:1031500041FA2860286130B90C233B604FF0FF3002
:103160001DB0BDE8F08F40236B610023099320233D
:103170008DF82930CDF80C803023DFF89C818DF854
:103180002A304FF0010923469A4613F8012B0AB161
:10319000252AF9D1BAEB040B0BD05B46224629460F
:1031A0003846FFF76CFF013000F0A780099A5A44B7
:1031B00009929AF80030002B00F09F8000234FF016
:1031C000FF32CDE905230AF1010A049307938DF834
:1031D00053301A935446052214F8011B4E48EDF75C
:1031E000DFF9049AD8B9D00644BF20238DF85330B4
:1031F000110744BF2B238DF853309AF800302A2B47
:1032000015D0079A544600204FF00A0C214611F8B9
:10321000013B303B092B4BD9B0B1079214E0A0EB36
:10322000080309FA03F313430493A246D2E7039B6E
:10323000191D1B680391002BBBBF5B4242F00202C9
:1032400007930793B8BF049223782E2B0AD1637893
:103250002A2B32D1039B1A1D1B68039243EAE373A6
:1032600002340593DFF8C0A0217803225046EDF721
:1032700097F938B1049BA0EB0A0040228240134327
:103280000134049314F8011B24488DF828100622F9
:10329000EDF786F9002836D0214B1BBB039B073383
:1032A00023F0070308330393099B334409936AE728
:1032B0000CFB02320C460120A8E7002301340593E1
:1032C00019464FF00A0C204610F8012B303A092A13
:1032D00003D9002BC6D00591C4E70CFB012104469D
:1032E0000123F0E703AB00932A460E4B04A93846AE
:1032F000AFF30080421C0646D6D1AB895B063FF592
:103300002DAF09982CE703AB00932A46054B04A97F
:10331000384600F079F8EDE7444801084E480108C6
:10332000000000007F3001084A4801082DE9F047FD
:10333000164698468A680B69DDF820909342B8BF1C
:103340001346336091F8432007460C460AB1013317
:1033500033602368990642BF3368023333602568BF
:1033600015F0060506D104F1190AE36832689B1AC4
:10337000AB4226DC94F843302268003B18BF01239F
:1033800092062BD404F1430241463846C847013027
:103390001ED02368226903F00603042B02BFE568F0
:1033A0003368ED1AA3680CBF25EAE5750025934242
:1033B000C4BF9B1AED1800261A34B5421AD100205A
:1033C00008E00123524641463846C847013003D140
:1033D0004FF0FF30BDE8F0870135C6E7E1185A1C11
:1033E000302081F84300224494F8451082F84310BD
:1033F0000233C7E70123224641463846C847013019
:10340000E6D00136D9E700002DE9FF470F7E0C9E7C
:10341000782F914680460C469A4601F1430207D820
:10342000622F0AD8002F00F0D180582F00F0B8800A
:1034300004F1420684F842703AE0A7F16303152BC9
:10344000F6D801A151F823F0A1340108B5340108E0
:1034500031340108313401083134010831340108B4
:10346000B534010831340108313401083134010820
:1034700031340108B3350108DF3401086D35010826
:103480003134010831340108D535010831340108DF
:10349000DF34010831340108313401087535010881
:1034A00033681A1D1B68326004F1420684F842300A
:1034B00001239CE033682068191D3160060601D5A0
:1034C0001D6803E04506FBD5B3F90050002D03DA73
:1034D0002D236D4284F8433058480A2311E02168B7
:1034E0003368080653F8045B02D4490648BFADB2FE
:1034F0006F2F5248336014BF0A230823002184F839
:1035000043106668A660002E05DB21682E4321F07B
:10351000040121604BD01646B5FBF3F103FB1157B4
:10352000C75D06F8017D2F46BB420D46F4D9082B36
:103530000BD12368DF0708D5236961689942DEBF94
:10354000302306F8013C06F1FF36921B2261CDF8CC
:1035500000A04B4603AA21464046FFF7E7FE013094
:103560004AD14FF0FF3004B0BDE8F087236843F044
:10357000200323603248782784F845702368316837
:103580001F0651F8045B02D45F0648BFADB231603C
:10359000D90744BF43F0200323601DB11023ADE7DA
:1035A0002648E9E7236823F020032360F6E7164660
:1035B000BDE7336825686169181D30602E061B68F9
:1035C00001D5196002E06806FBD51980002323614C
:1035D0001646BCE733681A1D32601E686268002117
:1035E0003046ECF7DDFF08B1801B60606368236143
:1035F000002384F84330AAE723693246494640460F
:10360000D0470130ADD023689B0713D4E068039BFB
:103610009842B8BF1846A6E70123324649464046BD
:10362000D04701309DD00135E36803995B1AAB4266
:10363000F2DCEBE7002504F11906F5E7554801082F
:1036400066480108B1F90C202DE9F041160705463E
:103650000C4654D44B68002B02DC0B6C002B48DD6D
:10366000E66A002E45D0002312F480522F68216AAA
:103670002B6030D0626DA389590705D56368D21AD3
:10368000636B0BB1236CD21A0023E66A216A2846C9
:10369000B047431CA38906D129681D292BD82A4A83
:1036A000CA40D60727D500226260D9042269226069
:1036B00004D5421C01D12B6803B96065616B2F6092
:1036C000B9B104F14403994202D02846FEF7D4FB75
:1036D000002363630DE001232846B0470246501CD7
:1036E000C9D12B68002BC6D01D2B01D0162B1ED1A3
:1036F0002F60002022E043F040031BB21BE00F6963
:10370000002FF6D093070E6808BF4B690F6018BFF3
:103710000023A6EB07088B60B8F1000FE9DD216AF2
:10372000A66A43463A462846B047002808DCB4F962
:103730000C3043F04003A3814FF0FF30BDE8F0812F
:103740000744A8EB0008E7E70100402038B50B6903
:1037500005460C4613B90025284638BD18B1036A42
:103760000BB9FEF7B1F9B4F90C30002BF3D0626E4F
:10377000D00704D4990502D4A06DFEF73EFB28467D
:103780002146FFF75FFF636EDA070546E4D4A3899D
:103790009B05E1D4A06DFEF731FBDDE70EB403B568
:1037A000014603AB054853F8042B0068019300F071
:1037B000A3F802B05DF804EB03B07047900100205D
:1037C000884210B501EB020402D98442234607D88F
:1037D000431EA14208D011F8012B03F8012FF8E78E
:1037E000024401468A4200D110BD13F8014D02F88F
:1037F000014DF7E738B5064D0023044608462B6017
:10380000F4F79AFC431C02D12B6803B1236038BD46
:10381000E85B002008B5062000F042FA0120F4F72A
:10382000D9FC70B5A1FB025434B92946FEF7D2FE8B
:10383000064628B9304670BD0C2202600026F9E722
:103840002A462146FEF7F2F9F4E72DE9F041074652
:1038500014460D4621B9BDE8F0411146FEF7BABE47
:103860002AB9FEF709FB25462846BDE8F08100F09D
:1038700033FA8442064602D8B4EB500FF4D82146FE
:103880003846FEF7A7FE804608B94546ECE7B44245
:103890002246294628BF3246FEF7B1FA2946384665
:1038A000FEF7EAFAF1E79368013B002B10B493604E
:1038B00008DA9469A34201DB0A2903D15DF8044BBD
:1038C00000F032B91368581C1060197008465DF892
:1038D000044B7047F8B506460F461446D518AC425F
:1038E00001D1002007E014F8011B3A463046FFF7EB
:1038F000DAFF431CF3D1F8BD2DE9F04F0D469DB022
:1039000014469846064618B1036A0BB9FEF7DCF870
:103910006B6ED90705D4AB899A0502D4A86DFEF762
:103920006CFAAB891B0701D52B699BB92946304638
:1039300000F038F970B16B6EDC0704D54FF0FF3042
:103940001DB0BDE8F08FAB899805F7D4A86DFEF7E0
:1039500055FAF3E70023099320238DF82930CDF899
:103960000C803023DFF8AC818DF82A304FF001094C
:1039700023469A4613F8012B0AB1252AF9D1BAEB4E
:10398000040B0BD05B46224629463046FFF7A2FFC8
:10399000013000F0A780099A5A4409929AF8003041
:1039A000002B00F09F8000234FF0FF32CDE905236C
:1039B0000AF1010A049307938DF853301A93544681
:1039C000052214F8011B5348ECF7EAFD049AD8B914
:1039D000D10644BF20238DF85330130744BF2B2357
:1039E0008DF853309AF800302A2B15D0079A544698
:1039F00000204FF00A0C214611F8013B303B092B07
:103A00004BD9B0B1079214E0A0EB080309FA03F315
:103A100013430493A246D2E7039B191D1B6803912D
:103A2000002BBBBF5B4242F0020207930793B8BF73
:103A3000049223782E2B0AD163782A2B32D1039B50
:103A40001A1D1B68039243EAE37302340593DFF8FF
:103A5000D4A0217803225046ECF7A2FD38B1049B94
:103A6000A0EB0A004022824013430134049314F86F
:103A7000011B29488DF828100622ECF791FD00283B
:103A80003FD0264B1BBB039B073323F007030833B0
:103A90000393099B3B4409936AE70CFB02320C46F3
:103AA0000120A8E700230134059319464FF00A0CC2
:103AB000204610F8012B303A092A03D9002BC6D032
:103AC0000591C4E70CFB012104460123F0E703AB99
:103AD00000932A46124B04A93046AFF300800746F4
:103AE000781CD6D16B6ED90705D4AB899A0502D460
:103AF000A86DFEF783F9AB895B063FF51FAF099808
:103B00001EE703AB00932A46054B04A93046FFF796
:103B10007BFCE4E7444801084E480108000000002F
:103B2000D53801084A480108F8B50E46144605463E
:103B300018B1036A0BB9FDF7C7FFA369A360A38996
:103B40001A0701D5236943B92146284600F02AF80F
:103B500018B14FF0FF373846F8BD23682269981A2C
:103B60006369F6B28342374605DC21462846FFF7F3
:103B7000EDFD0028EDD1A368013BA36023685A1C2A
:103B800022601E706269431C9A4204D0A389DB073D
:103B9000E1D50A2EDFD121462846FFF7D7FD0028C0
:103BA000D9D0D6E738B5294B054618680C4618B168
:103BB000036A0BB9FDF788FFB4F90C30190722D45A
:103BC000DA0607D409222A6043F04003A3814FF0AC
:103BD000FF3033E0580712D5616B41B104F1440363
:103BE000994202D02846FEF747F900236363A38970
:103BF00023F02403A3810023636023692360A38946
:103C000043F00803A38123694BB9A38903F420730C
:103C1000B3F5007F03D02146284600F08BF8B4F9B5
:103C20000C3013F001020AD00022A26062695242F5
:103C3000A261226942B913F08000C5D138BD99074D
:103C400058BF6269A260F4E70020F7E79001002006
:103C50001F2938B505460C4604D9162303604FF0DA
:103C6000FF3038BDC26B12B152F821304BB9284633
:103C700000F030F8224601462846BDE8384000F002
:103C800017B8012B0AD0591C03D116230360012059
:103C9000E7E7002142F82410204698470020E0E79B
:103CA000024B01461868FFF7D3BF00BF9001002008
:103CB00038B5074D00230446084611462B60F4F73B
:103CC00079FA431C02D12B6803B1236038BD00BFD1
:103CD000E85B0020F4F766BA51F8043C181F002B8B
:103CE000BCBF0B58C018704770B50C46B1F90E1028
:103CF000002996B015461E460DDAA38913F0800FF1
:103D00004FF0000114BF40234FF480630020316066
:103D10002B6016B070BD6A4600F048F80028ECDB56
:103D2000019901F47041A1F50053594259414FF4F2
:103D30008063EBE78B89F7B59D0706460C4607D5F0
:103D400004F14703236023610123636103B0F0BDE5
:103D500001AB6A46FFF7C8FF009F0546394630466B
:103D6000FEF738FC48B9B4F90C309A05EED423F0CC
:103D7000030343F00203A381E2E7A389206043F039
:103D80008003A381019BC4E904075BB1B4F90E1061
:103D9000304600F01DF828B1A38923F0030343F057
:103DA0000103A381A3891D43A581CFE738B5074D42
:103DB00000230446084611462B60F4F75BFA431CC7
:103DC00002D12B6803B1236038BD00BFE85B00203F
:103DD00038B5064D0023044608462B60F4F75AFA1E
:103DE000431C02D12B6803B1236038BDE85B00207F
:103DF00038B50022002304460D46ECF793FE28B99F
:103E000020462946BDE8384000F00AB8204605F1B2
:103E1000004100F005F8404261EB410138BD00BFB0
:103E2000D0B50C4B002206460F46ECF709FCECF728
:103E3000B7FE0446ECF7EEFA074B0022ECF700FC65
:103E400002460B4630463946ECF7A6F9ECF7A8FED9
:103E50002146D0BD0000F03D0000F041F8B500BFA4
:103E6000F8BC08BC9E467047F8B500BFF8BC08BC5B
:043E70009E467047B3
:103E780049444C4500000000546D7220537663009D
:103E8800546D725100000000426C75654C454454F5
:103E980061736B0047696D62616C0000446562750F
:103EA80067000000436F6D6D756E69636174696FBB
:103EB8006E54610042616C6C4265616D537461744B
:103EC800655461004465627567436F6D6D616E642A
:103ED80000000000566973696F6E4672616D655126
:103EE800756575650000000042616C6C53746174FF
:103EF8006551756575650000200900002573302E31
:103F08003030257300000000000000002D00000084
:103F180025732573256C642E2530326C6425730057
:103F28002C00000025752C25752C25752C25752C45
:103F380025752C256C750D0A00000000562C256C83
:103F4800752C25752C256C752C25752C256C752CD8
:103F5800256C642C25752C256C642C256C642C250B
:103F68006C750D0A00000000646562756720636F58
:103F78006D6D616E642071756575652066756C6C14
:103F88000D0A0000656E61626C650000656E0000D8
:103F980064697361626C650064697300737461724B
:103FA8007400000073746F70000000006375727213
:103FB800656E7400637572002B0000007A65726F7D
:103FC80000000000300000007370656564000000A8
:103FD800616E676C65000000737465700000000016
:103FE8006C6F7773706565640000000073706964B6
:103FF800000000006170696400000000696C696D70
:1040080069740000616C696D697400006F66660010
:10401800617261746500000061646561640000009C
:1040280062616C6C000000006F6E0000627400003A
:1040380062736571000000007461736B000000001A
:10404800696E6974000000003100000073746174C7
:10405800757300007461736B3D2575206163746925
:1040680076653D25752073746167653D25750D0A74
:10407800000000007461736B310000006261000091
:10408800626761696E000000626666006266663299
:1040980000000000627700006264770062627000CE
:1040A80062627064000000006262707600000000C6
:1040B8006262706E00000000627465726D0000003C
:1040C8006270757368000000627075736870000034
:1040D8006270757368706F730000000062707573AA
:1040E800686D000062707573686E65670000000097
:1040F800626C696D69740000626465616400000047
:10410800627261746500000076660000766465611D
:104118006400000076663200767600007670000053
:104128007661626C696D000076636C696D000000F1
:1041380063737600766973696F6E00006373763D0A
:10414800766973696F6E0D0A00000000636F6E7404
:10415800726F6C006373763D636F6E74726F6C0D73
:104168000A0000006373763D6F66660D0A00000062
:104178007365745F7A65726F706F696E74000000A2
:104188007A65726F706F696E740000007365747A77
:1041980065726F00636C6561725F7A65726F706FCC
:1041A800696E74007A65726F6F66660000000000C1
:1041B8002D00000025732573256C642E2530326C84
:1041C8006425730025732573256C642E2530336CA4
:1041D8006425730043414E2073746174653D256CFA
:1041E80075206572723D30782530386C58206672BB
:1041F80065653D256C75206C6173745F73746174BB
:1042080075733D256C75206C6173745F6572723DC2
:1042180030782530386C58206C6173745F6672652D
:10422800653D256C752074696D656F75743D256CE9
:10423800750D0A000D0A5144343331302062617221
:10424800652D6D6574616C207465737420636F6D82
:104258006D616E64733A0D0A000000002020653A13
:1042680020656E61626C65206D6F746F720D0A0057
:104278002020643A2064697361626C65206D6F74F4
:104288006F7220616E6420636C6561722063757261
:1042980072656E740D0A00002020303A2073657430
:1042A8002063757272656E7420746F2030410D0A38
:1042B8000000000020202B3A2063757272656E742E
:1042C800202B302E3035412C206C696D6974656463
:1042D80020746F20302E3330410D0A0020202D3AF3
:1042E8002063757272656E74202D302E3035412C26
:1042F800206C696D6974656420746F202D302E33CD
:1043080030410D0A0000000020206E3A2073656ECF
:1043180064204E4F50206672616D650D0A000000E2
:104328002020733A207072696E7420666565646235
:1043380061636B207374617475730D0A000000006B
:104348002020633A207072696E742043414E2073B6
:1043580074617475730D0A00202068206F72203F05
:104368003A2073686F7720746869732068656C7089
:104378000D0A0D0A0000000051442069643D2575AE
:1043880020656E61626C65643D2575200000000043
:1043980041200000636D645F63757272656E743DE1
:1043A80000000000666565646261636B5F63757237
:1043B80072656E743D00000072706D200000000090
:1043C80073706565643D00007261640D0A00000049
:1043D800616E676C653D000043414E2066696C74F0
:1043E800657220636F6E666967206661696C6564D3
:1043F8000D0A000043414E20737461727420666197
:10440800696C65640D0A000043414E205258206EC5
:104418006F74696669636174696F6E206661696C3F
:1044280065640D0A00000000410D0A0073657420E0
:1044380063757272656E742000000000656E6162BB
:104448006C6520636F6D6D616E642073656E740DAD
:104458000A00000064697361626C6520636F6D6DAA
:10446800616E642073656E740D0A00006E6F7020B3
:10447800636F6D6D616E642073656E740D0A000064
:10448800756E6B6E6F776E20636F6D6D616E6420F5
:10449800272563272C2073656E64206820666F7259
:1044A8002068656C700D0A0043414E3120726561C9
:1044B80064792C205144343331302074657374206E
:1044C80074617267657420666565646261636B20F8
:1044D80069643D30782530336C580D0A00000000BF
:1044E80073657269616C207278206F766572666C8C
:1044F8006F7720636C65617265640D0A00000000C7
:10450800000000000000000001020304060708097B
:104518000000000001020304000610160006101631
:10452800903E0108000000000000000000000000AC
:104538000000000000020000180000000000000059
:10454800000000009C3E0108000000000000000080
:104558000000000000000000000400002800000027
:104568000000000000000000A43E01080000000058
:10457800000000000000000000000000000400002F
:10458800180000000000000000000000AC3E010818
:104598000000000000000000000000000000000013
:1045A80000080000190000000000000000000000E2
:1045B800BC3E0108000000000000000000000000F0
:1045C80000000000000400002000000000000000BF
:1045D80000000000CC3E01080000000000000000C0
:1045E800000000000000000000000000DC3E0108A0
:1045F80000000000000000000000000000000000B3
:1046080000000000F03E010800000000000000006B
:104618000000000000000000000000009A99993E88
:104628006666663F6666E63E3333B33E000000408A
:10463800000020400000A0406666E63E0000B04052
:1046480000008040000020413333B33E0000803F2B
:10465800000080400000B0409A99193F0000803F58
:104668006666E63F9A99993F000000406666E63F15
:104678009A99993F000000400000A0400000A0C0A7
:104688003333333F3333333F0000B0410000000081
:10469800000000410000803E0000003F0000A041F3
:1046A8000500000000000000000000802E006E667B
:1046B80000696E69747900616E005245454E542058
:1046C8006D616C6C6F6320737563636565646564A5
:1046D800002F646174612F6A656E6B696E732F7742
:1046E8006F726B73706163652F474E552D746F6FD2
:1046F8006C636861696E2F61726D2D31332F73722F
:10470800632F6E65776C69622D63796777696E2FA1
:104718006E65776C69622F6C6962632F7374726956
:104728006E672F737472746F6B2E63004300504F63
:10473800534958002C2066756E6374696F6E3A2071
:1047480000617373657274696F6E2022257322206D
:104758006661696C65643A2066696C652022257318
:10476800222C206C696E65202564257325730A0048
:1047780042616C6C6F63207375636365656465641F
:10478800002F646174612F6A656E6B696E732F7791
:104798006F726B73706163652F474E552D746F6F21
:1047A8006C636861696E2F61726D2D31332F73727E
:1047B800632F6E65776C69622D63796777696E2FF1
:1047C8006E65776C69622F6C6962632F7374646CB1
:1047D80069622F6764746F612D6765746865782EE8
:1047E80063002F646174612F6A656E6B696E732F45
:1047F800776F726B73706163652F474E552D746FB9
:104808006F6C636861696E2F61726D2D31332F7320
:1048180072632F6E65776C69622D63796777696E4D
:104828002F6E65776C69622F6C6962632F7374648D
:104838006C69622F6D707265632E6300232D302BB7
:104848002000686C4C006566674546470030313289
:1048580033343536373839414243444546003031E0
:10486800323334353637383961626364656600003F
:1048780034000000CEFBFFFFCB0300000100000066
:104888000000000035000000CEFBFFFFCB03000056
:104898000100000000000000BC89D897B2D29C3CFF
:1048A80033A7A8D523F649393DA7F444FD0FA5320F
:1048B8009D978CCF08BA5B25436FAC6428066811B6
:1048C80005000000190000007D0000000000000045
:1048D8000080E03779C34143176E05B5B5B89346F4
:1048E800F5F93FE9034F384D321D30F94877825AC0
:1048F8003CBF737FDD4F1575000000000000F03FDE
:1049080000000000000024400000000000005940A2
:104918000000000000408F40000000000088C340F5
:1049280000000000006AF8400000000080842E416A
:1049380000000000D01263410000000084D79741B6
:104948000000000065CDCD41000000205FA00242BC
:10495800000000E876483742000000A2941A6D4231
:10496800000040E59C30A2420000901EC4BCD64224
:1049780000003426F56B0C430080E03779C34143CF
:1049880000A0D8855734764300C84E676DC1AB4345
:10499800003D9160E458E143408CB5781DAF154463
:1049A80050EFE2D6E41A4B4492D54D06CFF080443E
:1049B800F64AE1C7022DB544B49DD9794378EA4453
:1049C80000202020202020202020282828282820D7
:1049D80020202020202020202020202020202020CF
:1049E8002088101010101010101010101010101037
:1049F8001004040404040404040404101010101027
:104A080010104141414141410101010101010101F0
:104A18000101010101010101010101011010101042
:104A280010104242424242420202020202020202C2
:104A38000202020202020202020202021010101016
:104A4800200000000000000000000000000000003E
:104A5800000000000000000000000000000000004E
:104A6800000000000000000000000000000000003E
:104A7800000000000000000000000000000000002E
:104A8800000000000000000000000000000000001E
:104A9800000000000000000000000000000000000E
:104AA80000000000000000000000000000000000FE
:104AB80000000000000000000000000000000000EE
:044AC80000000000EA
:084ACC00C0BAFE7F01000000EA
:0C4AD400E90C0008DDC30008FDCA000862
:044AE000C10C0008FD
:104AE4000024F4001000000001000000AAAAAAAAF1
:104AF400CDCC4C3D0100000000000000030000008C
:104B0400AC5A002043000000000000000000000038
:104B14000000000000000000000000000000000091
:104B2400000000004300000000000000000000003E
:104B34000000000000000000000000000000000071
:104B4400000000004300000000000000000000001E
:104B54000000000000000000000000000000000051
:104B640000000000430000000000000000000000FE
:104B74000000000000000000000000000000000031
:104B840000000000430000000000000000000000DE
:104B94000000000000000000000000000000000011
:104BA40000000000430000000000000000000000BE
:104BB40000000000000000000000000000000000F1
:104BC400000000004300000000000000000000009E
:104BD40000000000000000000000000000000000D1
:104BE4000000000065300108D5260108000000001F
:104BF400C8490108B4460108774701087747010806
:104C04007747010877470108774701087747010884
:104C1400774701087747010877470108FFFFFFFF3F
:104C2400FFFFFFFFFFFFFFFFFFFF000001004153F5
:104C3400434949000000000000000000000000009B
:104C440000000000000000000000000000004153CC
:104C5400434949000000000000000000000000007B
:104C64000000000000000000000000000000000040
:104C74009401002000000000AC5A0020145B0020C6
:104C84007C5B002000000000000000000000000029
:104C94000000000000000000000000000000000010
:104CA4000000000000000000000000000000000000
:104CB40000000000000000000000000000000000F0
:04000005080082C5A8
:00000001FF
